Name;Status;Kreis;Einwohner
;;;Zensus
;;;09.05.11
Abbensen;Siedlung;Peine;2.020
Abbensen;Siedlung;Region Hannover;1.040
Abbesbüttel;Siedlung;Gifhorn;1.240
Accum;Siedlung;Friesland;1.020
Achim;Siedlung;Verden;23.600
Achmer;Siedlung;Osnabrück;1.500
Achternmeer - Korsorsberg;Siedlung;Oldenburg;1.070
Achtum;Siedlung;Hildesheim;940
Addenhausen;Siedlung;Wittmund;510
Adelebsen;Siedlung;Göttingen;3.060
Adelheidsdorf;Siedlung;Celle;660
Adenbüttel;Siedlung;Gifhorn;1.400
Adendorf;Siedlung;Lüneburg;9.970
Adensen;Siedlung;Hildesheim;1.070
Adenstedt;Siedlung;Hildesheim;580
Adenstedt;Siedlung;Peine;1.930
Adersheim;Siedlung;Wolfenbüttel;870
Adlum;Siedlung;Hildesheim;590
Adolphsdorf - Otterstein;Siedlung;Osterholz;650
Aerzen;Siedlung;Hameln-Pyrmont;3.930
Affinghausen;Siedlung;Diepholz;630
Agathenburg;Siedlung;Stade;1.140
Ahausen;Siedlung;Rotenburg (Wümme);1.180
Ahlden (Aller);Siedlung;Heidekreis;1.120
Ahlerstedt;Siedlung;Stade;1.740
Ahlhorn;Siedlung;Oldenburg;4.810
Ahlten;Siedlung;Region Hannover;4.760
Ahlum;Siedlung;Wolfenbüttel;1.160
Ahnsbeck;Siedlung;Celle;1.650
Ahnsen;Siedlung;Schaumburg;1.020
Ahnsen;Siedlung;Gifhorn;1.250
Ahrbergen;Siedlung;Hildesheim;2.110
Alfeld (Leine);Siedlung;Hildesheim;14.100
Alferde;Siedlung;Region Hannover;500
Alfhausen;Siedlung;Osnabrück;2.620
Alfstedt;Siedlung;Rotenburg (Wümme);820
Algermissen;Siedlung;Hildesheim;4.640
Aligse;Siedlung;Region Hannover;1.560
Almhorst;Siedlung;Region Hannover;750
Almke;Siedlung;Wolfsburg;670
Almstedt;Siedlung;Hildesheim;700
Altenau;Siedlung;Goslar;1.570
Altenberge;Siedlung;Emsland;950
Altenbruch;Siedlung;Cuxhaven;2.560
Altenesch;Siedlung;Wesermarsch;620
Altenhagen;Siedlung;Region Hannover;1.140
Altenmedingen;Siedlung;Uelzen;690
Altenoythe;Siedlung;Cloppenburg;2.440
Altenwalde - Franzenburg;Siedlung;Cuxhaven;5.620
Alt Garge;Siedlung;Lüneburg;960
Althemmoor;Siedlung;Cuxhaven;1.860
Altwarmbüchen;Siedlung;Region Hannover;8.010
Alvesrode;Siedlung;Region Hannover;500
Am Bahnhof;Siedlung;Verden;1.970
Amelinghausen;Siedlung;Lüneburg;3.660
Am Heidland;Siedlung;Heidekreis;1.630
Am Löhberg;Siedlung;Cuxhaven;790
An der Wietze;Siedlung;Region Hannover;1.670
Angelsburg;Siedlung;Wittmund;840
Ankum;Siedlung;Osnabrück;5.640
Apelern;Siedlung;Schaumburg;1.340
Apelnstedt;Siedlung;Wolfenbüttel;520
Apen;Siedlung;Ammerland;2.370
Apensen;Siedlung;Stade;3.440
Ardorf;Siedlung;Wittmund;700
Armsen;Siedlung;Verden;760
Arnum;Siedlung;Region Hannover;6.950
Arpke;Siedlung;Region Hannover;2.800
Artlenburg;Siedlung;Lüneburg;1.520
Aschen;Siedlung;Diepholz;510
Aschendorf;Siedlung;Emsland;5.240
Aschenstedt;Siedlung;Oldenburg;790
Aschhauserfeld;Siedlung;Ammerland;1.000
Asel;Siedlung;Hildesheim;1.120
Asendorf;Siedlung;Diepholz;1.280
Asendorf;Siedlung;Harburg;940
Ashausen;Siedlung;Harburg;3.140
Astfeld;Siedlung;Goslar;1.830
Atter;Siedlung;Osnabrück Stadt;880
Atterfeld;Siedlung;Osnabrück Stadt;1.570
Auf der Horst (Hannover);Siedlung;Region Hannover;750
Augustfehn - Lengenermoor;Siedlung;Ammerland;5.940
Aurich;Siedlung;Aurich;25.500
Axstedt;Siedlung;Osterholz;820
Baccum;Siedlung;Emsland;1.580
Bad Bederkesa;Siedlung;Cuxhaven;4.680
Bad Bentheim;Siedlung;Grafschaft Bentheim;13.400
Badbergen;Siedlung;Osnabrück;2.030
Bad Bevensen;Siedlung;Uelzen;6.380
Bad Bodenteich;Siedlung;Uelzen;2.980
Baddeckenstedt;Siedlung;Wolfenbüttel;940
Bad Eilsen;Siedlung;Schaumburg;2.410
Badenhausen;Siedlung;Göttingen;1.890
Bad Essen;Siedlung;Osnabrück;6.600
Bad Fallingbostel;Siedlung;Heidekreis;7.170
Bad Gandersheim;Siedlung;Northeim;6.430
Bad Grund (Harz);Siedlung;Göttingen;1.980
Bad Harzburg;Siedlung;Goslar;17.300
Bad Iburg;Siedlung;Osnabrück;8.930
Bad Laer;Siedlung;Osnabrück;6.390
Bad Lauterberg im Harz;Siedlung;Göttingen;6.800
Bad Münder am Deister;Siedlung;Hameln-Pyrmont;7.150
Bad Nenndorf;Siedlung;Schaumburg;9.250
Bad Pyrmont;Siedlung;Hameln-Pyrmont;16.100
Bad Rehburg;Siedlung;Nienburg (Weser);640
Bad Rothenfelde;Siedlung;Osnabrück;7.130
Bad Sachsa;Siedlung;Göttingen;5.650
Bad Salzdetfurth;Siedlung;Hildesheim;7.270
Bad Zwischenahn;Siedlung;Ammerland;10.300
Bahlburg;Siedlung;Harburg;640
Bahnhof Leiferde;Siedlung;Gifhorn;2.020
Bahrdorf;Siedlung;Helmstedt;990
Bahrenborstel;Siedlung;Diepholz;710
Bakede;Siedlung;Hameln-Pyrmont;1.310
Bakum;Siedlung;Vechta;2.560
Ballenhausen;Siedlung;Göttingen;560
Baltrum;Siedlung;Aurich;550
Banteln;Siedlung;Hildesheim;1.540
Bantorf;Siedlung;Region Hannover;1.220
Barbecke;Siedlung;Peine;630
Barbis;Siedlung;Göttingen;2.450
Barchel;Siedlung;Rotenburg (Wümme);630
Bardowick;Siedlung;Lüneburg;6.220
Barenburg;Siedlung;Diepholz;960
Barendorf;Siedlung;Lüneburg;2.390
Barfelde;Siedlung;Hildesheim;650
Bargstedt;Siedlung;Stade;1.610
Barienrode;Siedlung;Hildesheim;1.660
Barme;Siedlung;Verden;730
Barmke;Siedlung;Helmstedt;730
Barnstorf;Siedlung;Diepholz;3.750
Barnstorf;Siedlung;Wolfsburg;1.160
Barnten;Siedlung;Hildesheim;920
Barrien;Siedlung;Diepholz;6.530
Barsinghausen;Siedlung;Region Hannover;22.100
Barskamp;Siedlung;Lüneburg;740
Barßel;Siedlung;Cloppenburg;4.560
Barterode;Siedlung;Göttingen;1.030
Bartolfelde;Siedlung;Göttingen;810
Barum;Siedlung;Lüneburg;1.430
Barum;Siedlung;Salzgitter;700
Barwedel;Siedlung;Gifhorn;880
Basdahl;Siedlung;Rotenburg (Wümme);640
Basse;Siedlung;Region Hannover;530
Bassen;Siedlung;Verden;2.210
Bassum;Siedlung;Diepholz;8.130
Bawinkel;Siedlung;Emsland;1.820
Bechtsbüttel;Siedlung;Gifhorn;550
Beckdorf;Siedlung;Stade;1.720
Beckedorf;Siedlung;Schaumburg;1.470
Beckedorf;Siedlung;Osterholz;1.560
Beedenbostel;Siedlung;Celle;1.000
Beesten;Siedlung;Emsland;810
Behringen;Siedlung;Heidekreis;800
Beienrode;Siedlung;Helmstedt;500
Beinum;Siedlung;Salzgitter;530
Belm;Siedlung;Osnabrück;8.680
Bendestorf;Siedlung;Harburg;2.250
Bendingbostel;Siedlung;Verden;560
Beningafehn;Siedlung;Leer;700
Bennierwald;Siedlung;Osnabrück;2.170
Bennigsen;Siedlung;Region Hannover;3.940
Benstorf - Oldendorf;Siedlung;Hameln-Pyrmont;1.640
Benterode;Siedlung;Göttingen;640
Benthe;Siedlung;Region Hannover;1.410
Berel;Siedlung;Wolfenbüttel;590
Berge;Siedlung;Osnabrück;1.970
Bergen;Siedlung;Celle;6.000
Bergen an der Dumme;Siedlung;Lüchow-Dannenberg;1.130
Bergfeld;Siedlung;Gifhorn;910
Berka;Siedlung;Northeim;950
Berne;Siedlung;Wesermarsch;2.300
Bernshausen;Siedlung;Göttingen;600
Bersenbrück;Siedlung;Osnabrück;5.360
Berumbur;Siedlung;Aurich;2.490
Betheln;Siedlung;Hildesheim;830
Bettmar;Siedlung;Peine;880
Bettmar;Siedlung;Hildesheim;660
Bettrum;Siedlung;Hildesheim;760
Bevenrode;Siedlung;Braunschweig;1.530
Beverbruch;Siedlung;Cloppenburg;710
Bevern;Siedlung;Holzminden;3.180
Bevern;Siedlung;Rotenburg (Wümme);1.160
Bevern;Siedlung;Cloppenburg;600
Beverstedt;Siedlung;Cuxhaven;2.700
Bexhövede;Siedlung;Cuxhaven;2.100
Biene;Siedlung;Emsland;1.030
Bienenbüttel;Siedlung;Uelzen;4.090
Bierbergen;Siedlung;Peine;840
Bilm;Siedlung;Region Hannover;840
Bilshausen;Siedlung;Göttingen;2.320
Bingum;Siedlung;Leer;1.350
Bippen;Siedlung;Osnabrück;1.370
Bishausen;Siedlung;Northeim;900
Bisperode;Siedlung;Hameln-Pyrmont;1.350
Bispingen;Siedlung;Heidekreis;2.690
Bissendorf;Siedlung;Osnabrück;3.030
Bissendorf - Wennebostel;Siedlung;Region Hannover;5.370
Bleckede;Siedlung;Lüneburg;4.840
Bleckenstedt;Siedlung;Salzgitter;640
Bledeln;Siedlung;Hildesheim;670
Blender;Siedlung;Verden;1.160
Blexen - Einswarden;Siedlung;Wesermarsch;4.740
Bliedersdorf;Siedlung;Stade;1.390
Blomberg;Siedlung;Wittmund;1.050
Bockelskamp;Siedlung;Celle;640
Bockenem;Siedlung;Hildesheim;4.150
Bockhorn;Siedlung;Friesland;4.350
Bockhorst;Siedlung;Emsland;670
Bodenburg;Siedlung;Hildesheim;2.120
Bodenfelde;Siedlung;Northeim;2.320
Bodensee;Siedlung;Göttingen;830
Bodenstedt;Siedlung;Peine;600
Bodenwerder;Siedlung;Holzminden;4.780
Böen;Siedlung;Cloppenburg;1.740
Boffzen;Siedlung;Holzminden;2.810
Bohlsen;Siedlung;Uelzen;560
Bohmte;Siedlung;Osnabrück;6.360
Bokel;Siedlung;Cuxhaven;1.600
Bokelerburg;Siedlung;Ammerland;540
Bokeloh;Siedlung;Region Hannover;1.970
Bokeloh;Siedlung;Emsland;1.230
Bokensdorf;Siedlung;Gifhorn;690
Bollingen;Siedlung;Cloppenburg;520
Boltersen;Siedlung;Lüneburg;600
Bomlitz;Siedlung;Heidekreis;5.430
Bookholzberg;Siedlung;Oldenburg;5.890
Bordenau;Siedlung;Region Hannover;2.730
Börger;Siedlung;Emsland;2.600
Börgermoor;Siedlung;Emsland;2.370
Börgerwald;Siedlung;Emsland;1.180
Borgloh;Siedlung;Osnabrück;1.500
Borgstede;Siedlung;Friesland;980
Borken;Siedlung;Emsland;520
Borkum;Siedlung;Leer;4.930
Bornhausen;Siedlung;Goslar;1.030
Bornum am Elm;Siedlung;Helmstedt;810
Bornum am Harz;Siedlung;Hildesheim;1.120
Börry;Siedlung;Hameln-Pyrmont;550
Börßum;Siedlung;Wolfenbüttel;1.710
Borstel;Siedlung;Diepholz;620
Borstel - Nöpke;Siedlung;Region Hannover;1.370
Borsum;Siedlung;Hildesheim;2.360
Bortfeld;Siedlung;Peine;2.300
Bösel;Siedlung;Cloppenburg;4.670
Bostel;Siedlung;Celle;600
Bötersen;Siedlung;Rotenburg (Wümme);690
Bothel;Siedlung;Rotenburg (Wümme);2.410
Bovenden;Siedlung;Göttingen;7.960
Brackel;Siedlung;Harburg;1.420
Brackstedt;Siedlung;Wolfsburg;1.240
Brake (Unterweser);Siedlung;Wesermarsch;14.300
Bramel;Siedlung;Cuxhaven;580
Bramsche;Siedlung;Osnabrück;15.600
Bramsche;Siedlung;Emsland;2.010
Bramstedt;Siedlung;Cuxhaven;950
Brandlecht;Siedlung;Grafschaft Bentheim;580
Braunlage;Siedlung;Goslar;3.560
Braunschweig;Siedlung;Braunschweig;214.700
Brechtorf;Siedlung;Gifhorn;1.160
Breddenberg;Siedlung;Emsland;650
Breddorf;Siedlung;Rotenburg (Wümme);790
Bredenbeck am Deister;Siedlung;Region Hannover;2.900
Breinum;Siedlung;Hildesheim;610
Breitenberg;Siedlung;Göttingen;920
Brelingen;Siedlung;Region Hannover;2.060
Bremervörde;Siedlung;Rotenburg (Wümme);11.900
Bremke;Siedlung;Göttingen;730
Brettorf;Siedlung;Oldenburg;760
Brietlingen;Siedlung;Lüneburg;840
Brinkum;Siedlung;Leer;510
Brinkum;Siedlung;Diepholz;10.600
Brochthausen;Siedlung;Göttingen;530
Bröckel;Siedlung;Celle;1.770
Brockel;Siedlung;Rotenburg (Wümme);1.010
Brockhausen;Siedlung;Osnabrück;630
Brockum;Siedlung;Diepholz;920
Brögbern;Siedlung;Emsland;590
Broistedt;Siedlung;Peine;3.900
Brome;Siedlung;Gifhorn;2.760
Bruchhausen-Vilsen;Siedlung;Diepholz;5.090
Brüggen;Siedlung;Hildesheim;920
Brunkensen;Siedlung;Hildesheim;830
Buchholz;Siedlung;Schaumburg;740
Buchholz;Siedlung;Rotenburg (Wümme);520
Buchholz (Aller);Siedlung;Heidekreis;1.390
Buchholz in der Nordheide;Siedlung;Harburg;26.700
Bückeburg;Siedlung;Schaumburg;12.400
Bücken;Siedlung;Nienburg (Weser);1.570
Buer;Siedlung;Osnabrück;2.330
Bühren;Siedlung;Göttingen;570
Bühren;Siedlung;Cloppenburg;790
Bühren;Siedlung;Osnabrück;580
Bullenhausen;Siedlung;Harburg;2.340
Bülten;Siedlung;Peine;1.720
Bunde;Siedlung;Leer;4.260
Buntenbock;Siedlung;Goslar;630
Burg;Siedlung;Celle;4.620
Burgdorf;Siedlung;Wolfenbüttel;610
Burgdorf;Siedlung;Region Hannover;21.700
Burgstemmen;Siedlung;Hildesheim;1.080
Burhafe;Siedlung;Wittmund;1.200
Burhave;Siedlung;Wesermarsch;1.860
Burweg;Siedlung;Stade;510
Buschhausen;Siedlung;Osterholz;1.760
Bütlingen;Siedlung;Harburg;620
Bützfleth;Siedlung;Stade;3.070
Buxtehude;Siedlung;Stade;33.300
Cäciliengroden;Siedlung;Friesland;1.270
Cadenberge;Siedlung;Cuxhaven;3.300
Calberlah;Siedlung;Gifhorn;4.150
Calveslage;Siedlung;Vechta;640
Cammer;Siedlung;Schaumburg;670
Cappeln (Oldenburg);Siedlung;Cloppenburg;3.350
Carolinensiel;Siedlung;Wittmund;1.380
Celle;Siedlung;Celle;55.800
Clauen;Siedlung;Peine;1.010
Clausthal-Zellerfeld;Siedlung;Goslar;11.900
Clenze;Siedlung;Lüchow-Dannenberg;1.300
Cleverns;Siedlung;Friesland;700
Cloppenburg;Siedlung;Cloppenburg;29.900
Clusorth;Siedlung;Emsland;600
Collinghorst;Siedlung;Leer;1.220
Coppenbrügge;Siedlung;Hameln-Pyrmont;2.150
Coppengrave;Siedlung;Hildesheim;620
Cornau;Siedlung;Diepholz;500
Cramme;Siedlung;Wolfenbüttel;940
Cremlingen;Siedlung;Wolfenbüttel;2.560
Cuxhaven;Siedlung;Cuxhaven;34.400
Dahlenburg;Siedlung;Lüneburg;2.400
Dalum;Siedlung;Emsland;3.050
Damme;Siedlung;Vechta;11.100
Dammhausen;Siedlung;Stade;700
Danndorf;Siedlung;Helmstedt;2.090
Dannenberg (Elbe);Siedlung;Lüchow-Dannenberg;6.020
Dannenbüttel;Siedlung;Gifhorn;1.600
Dassel;Siedlung;Northeim;2.210
Dassensen;Siedlung;Northeim;610
Deckbergen;Siedlung;Schaumburg;1.630
Dedenhausen;Siedlung;Region Hannover;860
Dedensen - Gümmer;Siedlung;Region Hannover;4.120
Dedesdorf;Siedlung;Cuxhaven;570
Deensen;Siedlung;Holzminden;930
Deinsen;Siedlung;Schaumburg;640
Deinste;Siedlung;Stade;800
Delliehausen;Siedlung;Northeim;520
Delligsen;Siedlung;Holzminden;3.670
Delmenhorst;Siedlung;Delmenhorst;71.600
Denstorf;Siedlung;Peine;1.020
Derental;Siedlung;Holzminden;620
Dersum;Siedlung;Emsland;570
Desingerode;Siedlung;Göttingen;530
Destedt;Siedlung;Wolfenbüttel;1.460
Detern;Siedlung;Leer;1.780
Deternerlehe;Siedlung;Leer;500
Dettum;Siedlung;Wolfenbüttel;890
Deutsch Evern;Siedlung;Lüneburg;3.720
Devese;Siedlung;Region Hannover;790
Dibbersen;Siedlung;Harburg;840
Dibbesdorf;Siedlung;Braunschweig;1.500
Didderse;Siedlung;Gifhorn;920
Diekholzen;Siedlung;Hildesheim;3.040
Diele;Siedlung;Leer;560
Dielmissen;Siedlung;Holzminden;810
Diemarden;Siedlung;Göttingen;1.250
Diepenau;Siedlung;Nienburg (Weser);1.810
Diepholz;Siedlung;Diepholz;13.700
Dietrichsfeld - Langefeld;Siedlung;Aurich;1.020
Dingelbe;Siedlung;Hildesheim;830
Dinklage;Siedlung;Vechta;10.800
Dinklar;Siedlung;Hildesheim;1.120
Dissen am Teutoburger Wald;Siedlung;Osnabrück;8.220
Ditzum;Siedlung;Leer;570
Ditzumerverlaat;Siedlung;Leer;640
Dobrock;Siedlung;Cuxhaven;540
Dohren;Siedlung;Harburg;960
Dohren;Siedlung;Emsland;540
Dollbergen;Siedlung;Region Hannover;2.200
Dollern;Siedlung;Stade;1.790
Dorfmark;Siedlung;Heidekreis;2.830
Dornbusch - Nindorf;Siedlung;Stade;1.520
Dörnten;Siedlung;Goslar;1.330
Dornum;Siedlung;Aurich;1.610
Dörpen;Siedlung;Emsland;4.520
Dorste;Siedlung;Göttingen;1.400
Dorum;Siedlung;Cuxhaven;3.240
Dörverden;Siedlung;Verden;4.580
Dötlingen;Siedlung;Oldenburg;1.030
Drage;Siedlung;Harburg;2.950
Drakenburg;Siedlung;Nienburg (Weser);1.670
Dramfeld;Siedlung;Göttingen;520
Drangstedt;Siedlung;Cuxhaven;1.410
Dransfeld;Siedlung;Göttingen;3.710
Drestedt;Siedlung;Harburg;720
Dreye;Siedlung;Diepholz;1.150
Driftsethe;Siedlung;Cuxhaven;510
Drochtersen;Siedlung;Stade;7.860
Dröper;Siedlung;Osnabrück;1.770
Düdenbüttel;Siedlung;Stade;900
Dudensen;Siedlung;Region Hannover;530
Duderstadt;Siedlung;Göttingen;10.700
Duingen;Siedlung;Hildesheim;2.660
Dungelbeck;Siedlung;Peine;1.790
Dünsen;Siedlung;Oldenburg;820
Düring;Siedlung;Cuxhaven;670
Düshorn;Siedlung;Heidekreis;1.690
Duttenstedt;Siedlung;Peine;950
Ebergötzen;Siedlung;Göttingen;1.240
Eberholzen;Siedlung;Hildesheim;610
Ebersdorf;Siedlung;Rotenburg (Wümme);780
Ebstorf;Siedlung;Uelzen;5.310
Echem;Siedlung;Lüneburg;960
Echte;Siedlung;Northeim;1.240
Eckel;Siedlung;Harburg;1.860
Eckfleth - Niederhörne;Siedlung;Wesermarsch;980
Eddesse;Siedlung;Peine;680
Edemissen;Siedlung;Peine;3.090
Edesheim;Siedlung;Northeim;800
Edewecht;Siedlung;Ammerland;8.140
Edewechterdamm;Siedlung;Cloppenburg;800
Egestorf;Siedlung;Harburg;930
Eggermühlen;Siedlung;Osnabrück;1.140
Ehestorf;Siedlung;Harburg;810
Ehlershausen;Siedlung;Region Hannover;2.610
Ehra;Siedlung;Gifhorn;1.230
Ehrenburg;Siedlung;Diepholz;590
Eickeloh;Siedlung;Heidekreis;770
Eicken;Siedlung;Osnabrück;1.570
Eicklingen;Siedlung;Celle;2.680
Eilvese;Siedlung;Region Hannover;1.520
Eimbeckhausen;Siedlung;Hameln-Pyrmont;2.050
Eime;Siedlung;Hildesheim;2.130
Einbeck;Siedlung;Northeim;14.400
Einum;Siedlung;Hildesheim;1.000
Eischott;Siedlung;Gifhorn;720
Eisdorf;Siedlung;Göttingen;1.400
Eitzum;Siedlung;Hildesheim;540
Eixe;Siedlung;Peine;620
Eldagsen;Siedlung;Region Hannover;3.220
Eldingen;Siedlung;Celle;900
Elisabethfehn-West - Barßelermoor;Siedlung;Cloppenburg;4.770
Ellenstedt;Siedlung;Vechta;960
Ellwürden;Siedlung;Wesermarsch;2.510
Elm;Siedlung;Rotenburg (Wümme);1.140
Elmeloh;Siedlung;Oldenburg;1.170
Elmendorf;Siedlung;Ammerland;510
Elmlohe;Siedlung;Cuxhaven;620
Elsdorf;Siedlung;Rotenburg (Wümme);880
Elsfleth;Siedlung;Wesermarsch;5.730
Elstorf - Schwiederstorf;Siedlung;Harburg;3.040
Eltze;Siedlung;Region Hannover;1.360
Elvershausen;Siedlung;Northeim;730
Elze;Siedlung;Hildesheim;5.810
Elze;Siedlung;Region Hannover;2.810
Embsen;Siedlung;Lüneburg;2.000
Embsen;Siedlung;Verden;510
Emden;Siedlung;Emden;44.200
Emlichheim;Siedlung;Grafschaft Bentheim;5.740
Emmeln;Siedlung;Emsland;3.430
Emmendorf;Siedlung;Uelzen;640
Emmerke;Siedlung;Hildesheim;1.730
Emmerstedt;Siedlung;Helmstedt;1.600
Empelde;Siedlung;Region Hannover;11.000
Emsbüren;Siedlung;Emsland;6.820
Emstek;Siedlung;Cloppenburg;5.390
Emtinghausen;Siedlung;Verden;850
Engelade;Siedlung;Goslar;610
Engensen;Siedlung;Region Hannover;1.070
Engern;Siedlung;Schaumburg;1.070
Engter;Siedlung;Osnabrück;2.800
Enzen;Siedlung;Schaumburg;1.120
Equord;Siedlung;Peine;830
Erika;Siedlung;Emsland;1.710
Erkerode;Siedlung;Wolfenbüttel;620
Ermke;Siedlung;Cloppenburg;540
Ersehof;Siedlung;Peine;500
Esbeck;Siedlung;Helmstedt;1.460
Eschede;Siedlung;Celle;3.230
Escherode;Siedlung;Göttingen;880
Eschershausen;Siedlung;Holzminden;3.410
Esebeck;Siedlung;Göttingen;570
Esens;Siedlung;Wittmund;6.840
Esenshamm;Siedlung;Wesermarsch;670
Esperke;Siedlung;Region Hannover;720
Essel;Siedlung;Heidekreis;700
Essen (Oldenburg);Siedlung;Cloppenburg;3.640
Essenrode;Siedlung;Helmstedt;1.170
Essinghausen;Siedlung;Peine;1.800
Esterwegen;Siedlung;Emsland;3.840
Estorf;Siedlung;Nienburg (Weser);1.000
Estorf;Siedlung;Stade;580
Etelsen - Speckenholz;Siedlung;Verden;5.790
Ettenbüttel;Siedlung;Gifhorn;650
Evern;Siedlung;Region Hannover;530
Eversen;Siedlung;Celle;1.200
Eversen;Siedlung;Harburg;730
Evessen;Siedlung;Wolfenbüttel;860
Exten;Siedlung;Schaumburg;1.630
Eyendorf;Siedlung;Harburg;1.240
Eystrup;Siedlung;Nienburg (Weser);3.320
Fahrenhorst;Siedlung;Diepholz;1.030
Falkenburg;Siedlung;Oldenburg;640
Fange;Siedlung;Diepholz;720
Farwick;Siedlung;Osnabrück;1.390
Faßberg;Siedlung;Celle;3.790
Fedderwarden;Siedlung;Wilhelmshaven;1.680
Feggendorf;Siedlung;Schaumburg;720
Fehndorf;Siedlung;Emsland;600
Felde;Siedlung;Verden;520
Feldkamp;Siedlung;Osnabrück;620
Fiestel - Hollage;Siedlung;Osnabrück;4.960
Filsum;Siedlung;Leer;890
Fintel;Siedlung;Rotenburg (Wümme);2.730
Firrel;Siedlung;Leer;560
Fischbeck;Siedlung;Hameln-Pyrmont;3.090
Fischerhude - Quelkhorn - Wilhelmshausen;Siedlung;Verden;3.140
Flachstöckheim;Siedlung;Salzgitter;990
Flechtorf;Siedlung;Helmstedt;2.860
Fleestedt;Siedlung;Harburg;3.770
Flegessen;Siedlung;Hameln-Pyrmont;1.180
Flettmar;Siedlung;Gifhorn;710
Fliegenberg;Siedlung;Harburg;1.030
Flögeln;Siedlung;Cuxhaven;580
Föhrste;Siedlung;Hildesheim;960
Förste;Siedlung;Göttingen;2.110
Fredelsloh;Siedlung;Northeim;890
Freden (Leine);Siedlung;Hildesheim;2.970
Freiburg (Elbe);Siedlung;Stade;1.690
Frellstedt;Siedlung;Helmstedt;790
Freren;Siedlung;Emsland;3.780
Fresenburg;Siedlung;Emsland;630
Friedeburg;Siedlung;Wittmund;2.900
Friedland;Siedlung;Göttingen;1.560
Friedrichshöhe;Siedlung;Schaumburg;500
Frielingen;Siedlung;Region Hannover;2.580
Friesoythe;Siedlung;Cloppenburg;7.450
Füchtenfeld;Siedlung;Grafschaft Bentheim;600
Fuhlen;Siedlung;Hameln-Pyrmont;770
Fuhrbach;Siedlung;Göttingen;880
Fuhrberg;Siedlung;Region Hannover;2.050
Fümmelse;Siedlung;Wolfenbüttel;2.480
Fürstenau;Siedlung;Osnabrück;5.630
Fürstenberg;Siedlung;Holzminden;1.150
Gadenstedt;Siedlung;Peine;2.400
Ganderkesee;Siedlung;Oldenburg;10.200
Ganspe - Bardenfleth;Siedlung;Wesermarsch;2.220
Garbsen;Siedlung;Region Hannover;42.500
Gardessen;Siedlung;Wolfenbüttel;600
Garlstorf;Siedlung;Harburg;990
Garmissen;Siedlung;Hildesheim;860
Garrel;Siedlung;Cloppenburg;8.940
Garßen;Siedlung;Celle;2.530
Garstedt;Siedlung;Harburg;1.270
Gartenstadt Lohne;Siedlung;Region Hannover;850
Gartow;Siedlung;Lüchow-Dannenberg;1.060
Gaste;Siedlung;Osnabrück;2.010
Gebhardshagen;Siedlung;Salzgitter;6.860
Geeste;Siedlung;Emsland;1.490
Geestenseth;Siedlung;Cuxhaven;920
Gehlenberg;Siedlung;Cloppenburg;1.370
Gehrde;Siedlung;Osnabrück;1.780
Gehrden;Siedlung;Region Hannover;9.210
Geitelde;Siedlung;Braunschweig;1.160
Gelldorf;Siedlung;Schaumburg;520
Georgsdorf;Siedlung;Grafschaft Bentheim;1.040
Georgsmarienhütte;Siedlung;Osnabrück;19.300
Gerblingerode;Siedlung;Göttingen;1.700
Gersten;Siedlung;Emsland;620
Gesmold;Siedlung;Osnabrück;2.400
Gestorf;Siedlung;Region Hannover;1.780
Gieboldehausen;Siedlung;Göttingen;4.100
Gielde;Siedlung;Wolfenbüttel;750
Giesen;Siedlung;Hildesheim;3.320
Gifhorn;Siedlung;Gifhorn;37.900
Giften;Siedlung;Hildesheim;730
Gillersheim;Siedlung;Northeim;1.010
Gittelde;Siedlung;Göttingen;1.620
Gladebeck;Siedlung;Northeim;1.130
Glandorf;Siedlung;Osnabrück;4.200
Glinstedt;Siedlung;Rotenburg (Wümme);500
Glüsingen;Siedlung;Harburg;520
Gnarrenburg;Siedlung;Rotenburg (Wümme);4.840
Gödenstorf;Siedlung;Harburg;630
Gödringen;Siedlung;Hildesheim;510
Goldenstedt;Siedlung;Vechta;3.030
Golmbach;Siedlung;Holzminden;710
Gorleben;Siedlung;Lüchow-Dannenberg;520
Goslar;Siedlung;Goslar;35.600
Göttingen;Siedlung;Göttingen;106.800
Göttingerode;Siedlung;Goslar;930
Göxe;Siedlung;Region Hannover;510
Grabstede;Siedlung;Friesland;1.030
Grafeld;Siedlung;Osnabrück;660
Grafhorst;Siedlung;Helmstedt;1.010
Grafschaft;Siedlung;Friesland;1.590
Gräpel;Siedlung;Stade;610
Grasberg;Siedlung;Osterholz;3.100
Grasdorf;Siedlung;Hildesheim;680
Grasleben;Siedlung;Helmstedt;2.280
Grassel;Siedlung;Gifhorn;810
Greene;Siedlung;Northeim;1.420
Greetsiel;Siedlung;Aurich;1.410
Grohnde;Siedlung;Hameln-Pyrmont;1.120
Gronau (Leine);Siedlung;Hildesheim;5.180
Groß Berkel;Siedlung;Hameln-Pyrmont;3.040
Groß Bramstedt;Siedlung;Diepholz;1.160
Groß Brunsrode;Siedlung;Helmstedt;760
Großburgwedel;Siedlung;Region Hannover;9.360
Groß Dahlum;Siedlung;Wolfenbüttel;560
Groß Denkte;Siedlung;Wolfenbüttel;1.980
Groß Döhren;Siedlung;Goslar;1.380
Groß Düngen;Siedlung;Hildesheim;1.030
Großefehn;Siedlung;Aurich;7.300
Groß Elbe;Siedlung;Wolfenbüttel;730
Groß Ellershausen;Siedlung;Göttingen;1.340
Großenkneten;Siedlung;Oldenburg;2.310
Großenmeer;Siedlung;Wesermarsch;950
Großenwieden;Siedlung;Hameln-Pyrmont;830
Großer Sand;Siedlung;Emsland;530
Groß Escherde;Siedlung;Hildesheim;630
Groß Flöthe;Siedlung;Wolfenbüttel;830
Groß Fredenbeck;Siedlung;Stade;2.060
Groß Fullen;Siedlung;Emsland;920
Groß Gleidingen;Siedlung;Peine;640
Großgoltern;Siedlung;Region Hannover;1.450
Groß Hehlen;Siedlung;Celle;2.830
Großheide;Siedlung;Aurich;3.380
Groß Hesepe;Siedlung;Emsland;1.630
Groß Himstedt;Siedlung;Hildesheim;540
Groß Ilsede - Ölsburg;Siedlung;Peine;6.810
Groß Lafferde;Siedlung;Peine;2.560
Groß Lengden;Siedlung;Göttingen;900
Groß Liedern;Siedlung;Uelzen;1.060
Groß Lobke;Siedlung;Hildesheim;580
Groß Mackenstedt;Siedlung;Diepholz;1.390
Groß Mahner;Siedlung;Salzgitter;560
Groß Midlum;Siedlung;Aurich;620
Großmoor;Siedlung;Celle;650
Groß Munzel;Siedlung;Region Hannover;1.000
Groß Oesingen;Siedlung;Gifhorn;1.390
Groß Rhüden;Siedlung;Goslar;2.760
Groß Schneen;Siedlung;Göttingen;1.480
Groß Schwülper;Siedlung;Gifhorn;2.840
Groß Solschen;Siedlung;Peine;1.100
Groß Stavern;Siedlung;Emsland;700
Groß Wohnste;Siedlung;Rotenburg (Wümme);560
Grünendeich;Siedlung;Stade;1.820
Grünenplan;Siedlung;Holzminden;2.430
Grußendorf;Siedlung;Gifhorn;1.900
Guderhandviertel;Siedlung;Stade;1.130
Güntersen;Siedlung;Göttingen;640
Gusborn;Siedlung;Lüchow-Dannenberg;500
Gustedt;Siedlung;Wolfenbüttel;590
Hachmühlen;Siedlung;Hameln-Pyrmont;1.060
Haddorf;Siedlung;Stade;2.110
Hademstorf;Siedlung;Heidekreis;700
Hage;Siedlung;Aurich;5.510
Hagen;Siedlung;Region Hannover;1.300
Hagen;Siedlung;Hameln-Pyrmont;1.320
Hagen;Siedlung;Stade;1.480
Hagenah;Siedlung;Stade;590
Hagen am Teutoburger Wald;Siedlung;Osnabrück;7.380
Hagenburg;Siedlung;Schaumburg;4.520
Hagen im Bremischen;Siedlung;Cuxhaven;2.950
Hahausen;Siedlung;Goslar;800
Hahndorf;Siedlung;Goslar;1.400
Hahnenklee;Siedlung;Goslar;980
Haimar;Siedlung;Region Hannover;740
Halbemond;Siedlung;Aurich;770
Halen;Siedlung;Cloppenburg;1.840
Halle;Siedlung;Holzminden;690
Hallendorf;Siedlung;Salzgitter;1.480
Halsbek;Siedlung;Ammerland;590
Hamberg;Siedlung;Vechta;830
Hambergen;Siedlung;Osterholz;2.030
Hambühren;Siedlung;Celle;5.690
Hämelerwald;Siedlung;Region Hannover;4.240
Hameln;Siedlung;Hameln-Pyrmont;47.200
Hamelspringe;Siedlung;Hameln-Pyrmont;820
Hammah;Siedlung;Stade;1.980
Hammenstedt;Siedlung;Northeim;950
Handeloh;Siedlung;Harburg;750
Handorf;Siedlung;Lüneburg;1.920
Handorf;Siedlung;Peine;880
Hänigsen;Siedlung;Region Hannover;6.270
Hankensbüttel;Siedlung;Gifhorn;4.230
Hann. Münden;Siedlung;Göttingen;18.300
Hannover;Siedlung;Region Hannover;501.000
Hanstedt;Siedlung;Harburg;3.280
Harber;Siedlung;Heidekreis;1.030
Hardegsen;Siedlung;Northeim;3.500
Harenberg;Siedlung;Region Hannover;1.650
Haren (Ems);Siedlung;Emsland;8.540
Harkebrügge;Siedlung;Cloppenburg;1.480
Harkenbleck;Siedlung;Region Hannover;930
Harlingerode;Siedlung;Goslar;3.030
Harmstorf;Siedlung;Harburg;710
Harpstedt;Siedlung;Oldenburg;4.550
Harriehausen;Siedlung;Northeim;650
Harsefeld;Siedlung;Stade;10.300
Harste;Siedlung;Göttingen;1.040
Harsum;Siedlung;Hildesheim;4.680
Harxbüttel;Siedlung;Braunschweig;640
Hasbergen;Siedlung;Osnabrück;8.080
Hasede;Siedlung;Hildesheim;2.430
Haselünne;Siedlung;Emsland;7.920
Haßbergen;Siedlung;Nienburg (Weser);1.580
Hasselhorst;Siedlung;Celle;750
Hassel (Weser);Siedlung;Nienburg (Weser);1.650
Hassendorf;Siedlung;Rotenburg (Wümme);730
Haste;Siedlung;Schaumburg;2.540
Hastenbeck;Siedlung;Hameln-Pyrmont;1.490
Hastrup;Siedlung;Osnabrück;1.030
Hatterwüsting;Siedlung;Oldenburg;660
Hattorf;Siedlung;Wolfsburg;1.930
Hattorf am Harz;Siedlung;Göttingen;4.200
Häuslingen;Siedlung;Heidekreis;650
Haverbeck;Siedlung;Hameln-Pyrmont;760
Haverlah;Siedlung;Wolfenbüttel;1.000
Hechthausen;Siedlung;Cuxhaven;2.020
Hedemünden;Siedlung;Göttingen;1.250
Heede;Siedlung;Emsland;1.520
Heemsen;Siedlung;Nienburg (Weser);960
Heere;Siedlung;Wolfenbüttel;1.180
Heersum;Siedlung;Hildesheim;690
Heerte;Siedlung;Salzgitter;910
Heeslingen;Siedlung;Rotenburg (Wümme);2.000
Heeßen;Siedlung;Schaumburg;1.340
Hehlen;Siedlung;Holzminden;1.480
Hehlingen;Siedlung;Wolfsburg;1.830
Heidenau;Siedlung;Harburg;1.790
Heide - Schierbrok - Stenum;Siedlung;Oldenburg;7.440
Heidkamp;Siedlung;Ammerland;5.770
Heiligendorf;Siedlung;Wolfsburg;2.020
Heiligenfelde;Siedlung;Diepholz;1.160
Heilsdorf - Ströhe;Siedlung;Osterholz;2.320
Heinbockel;Siedlung;Stade;760
Heinde;Siedlung;Hildesheim;1.190
Heiningen;Siedlung;Wolfenbüttel;680
Heinsen;Siedlung;Holzminden;840
Heisede;Siedlung;Hildesheim;1.030
Hellendorf;Siedlung;Region Hannover;1.260
Hellwege;Siedlung;Rotenburg (Wümme);890
Helmste;Siedlung;Stade;900
Helmstedt;Siedlung;Helmstedt;20.700
Helmstorf;Siedlung;Harburg;940
Helpsen;Siedlung;Schaumburg;860
Helstorf;Siedlung;Region Hannover;1.090
Helvesiek;Siedlung;Rotenburg (Wümme);520
Hemeln;Siedlung;Göttingen;800
Hemeringen;Siedlung;Hameln-Pyrmont;1.260
Hemmelte-Bahnhof;Siedlung;Cloppenburg;530
Hemmendorf;Siedlung;Hameln-Pyrmont;590
Hemmingen;Siedlung;Region Hannover;7.150
Hemsbünde;Siedlung;Rotenburg (Wümme);700
Hemslingen;Siedlung;Rotenburg (Wümme);900
Hepstedt;Siedlung;Rotenburg (Wümme);1.000
Herberhausen;Siedlung;Göttingen;1.530
Hermannsburg;Siedlung;Celle;5.960
Herrhausen;Siedlung;Goslar;740
Herzberg am Harz;Siedlung;Göttingen;8.960
Herzlake;Siedlung;Emsland;3.160
Hesedorf;Siedlung;Rotenburg (Wümme);1.860
Hesedorf;Siedlung;Rotenburg (Wümme);560
Hesel;Siedlung;Leer;2.620
Hesepe;Siedlung;Osnabrück;2.430
Hespe;Siedlung;Schaumburg;940
Hessisch Oldendorf;Siedlung;Hameln-Pyrmont;5.210
Hetjershausen;Siedlung;Göttingen;1.050
Hettensen;Siedlung;Northeim;730
Heuerßen;Siedlung;Schaumburg;570
Hevensen;Siedlung;Northeim;560
Heyersum;Siedlung;Hildesheim;950
Hiddestorf;Siedlung;Region Hannover;1.620
Hildesheim;Siedlung;Hildesheim;91.700
Hildesheimer Wald;Siedlung;Hildesheim;620
Hilkenbrook;Siedlung;Emsland;790
Hilkerode;Siedlung;Göttingen;1.010
Hillerse;Siedlung;Gifhorn;2.280
Hillerse;Siedlung;Northeim;1.080
Hilligsfeld;Siedlung;Hameln-Pyrmont;890
Hilter am Teutoburger Wald;Siedlung;Osnabrück;4.230
Hilwartshausen;Siedlung;Northeim;700
Himbergen;Siedlung;Uelzen;940
Himmelpforten;Siedlung;Stade;4.690
Hinte;Siedlung;Aurich;2.680
Hittbergen;Siedlung;Lüneburg;730
Hittfeld - Woxdorf;Siedlung;Harburg;6.710
Hitzacker (Elbe);Siedlung;Lüchow-Dannenberg;3.520
Höckelheim;Siedlung;Northeim;1.100
Hodenhagen;Siedlung;Heidekreis;3.120
Höfer;Siedlung;Celle;820
Hohegeiß;Siedlung;Goslar;860
Hohenaverbergen;Siedlung;Verden;830
Hohenbostel;Siedlung;Region Hannover;2.470
Hoheneggelsen;Siedlung;Hildesheim;1.960
Hohenhameln;Siedlung;Peine;3.170
Hohenkirchen;Siedlung;Friesland;1.530
Hohenrode;Siedlung;Schaumburg;600
Hohne;Siedlung;Celle;790
Hohnhorst;Siedlung;Schaumburg;560
Hohnstedt;Siedlung;Northeim;640
Hohnstorf (Elbe);Siedlung;Lüneburg;2.240
Hoiersdorf;Siedlung;Helmstedt;730
Hoitlingen;Siedlung;Gifhorn;540
Holdenstedt;Siedlung;Uelzen;2.090
Holdorf;Siedlung;Vechta;4.090
Holle;Siedlung;Hildesheim;2.740
Hollen;Siedlung;Leer;720
Hollenbeck;Siedlung;Stade;550
Hollenermoor - Hollen - Ramsloh (Roomelse);Siedlung;Cloppenburg;3.800
Hollenstedt;Siedlung;Harburg;2.620
Hollenstedt;Siedlung;Northeim;740
Hollern-Twielenfleth;Siedlung;Stade;2.490
Holm-Seppensen;Siedlung;Harburg;4.240
Holßel;Siedlung;Cuxhaven;750
Holte;Siedlung;Emsland;970
Holtensen;Siedlung;Northeim;590
Holtensen;Siedlung;Region Hannover;1.190
Holtensen;Siedlung;Hameln-Pyrmont;1.130
Holtgast;Siedlung;Wittmund;850
Holthausen;Siedlung;Emsland;1.470
Höltinghausen;Siedlung;Cloppenburg;860
Holtland;Siedlung;Leer;1.970
Holtrop;Siedlung;Aurich;1.070
Holttange;Siedlung;Ammerland;1.160
Holtum;Siedlung;Verden;650
Holzen;Siedlung;Holzminden;600
Holzerode;Siedlung;Göttingen;670
Holzhausen;Siedlung;Osnabrück;4.620
Holzminden;Siedlung;Holzminden;18.000
Hondelage;Siedlung;Braunschweig;3.510
Honerdingen;Siedlung;Heidekreis;580
Hönisch;Siedlung;Verden;1.160
Hönnersum;Siedlung;Hildesheim;650
Hoogstede;Siedlung;Grafschaft Bentheim;1.650
Hooksiel;Siedlung;Friesland;2.180
Hörden am Harz;Siedlung;Göttingen;1.020
Hordorf;Siedlung;Wolfenbüttel;1.090
Hörkamp;Siedlung;Schaumburg;970
Hornbostel;Siedlung;Celle;920
Hornburg;Siedlung;Wolfenbüttel;2.420
Horneburg;Siedlung;Stade;5.590
Horst;Siedlung;Region Hannover;2.390
Horstedt;Siedlung;Rotenburg (Wümme);680
Hörsten;Siedlung;Harburg;520
Horsten;Siedlung;Wittmund;1.870
Hörsum;Siedlung;Hildesheim;690
Horumersiel;Siedlung;Friesland;640
Hösseringen;Siedlung;Uelzen;540
Hotteln;Siedlung;Hildesheim;560
Hötzum;Siedlung;Wolfenbüttel;860
Höver;Siedlung;Region Hannover;1.800
Hoya;Siedlung;Nienburg (Weser);3.820
Hüde;Siedlung;Diepholz;690
Hude (Oldenburg);Siedlung;Oldenburg;10.600
Hülsede;Siedlung;Schaumburg;760
Hülsen;Siedlung;Verden;1.030
Hülsenmoor;Siedlung;Cloppenburg;1.320
Hundsmühlen - Süd Moslesfehn;Siedlung;Oldenburg;3.550
Hunteburg;Siedlung;Osnabrück;2.390
Huntlosen;Siedlung;Oldenburg;2.190
Hüpede;Siedlung;Region Hannover;1.220
Husbäke;Siedlung;Ammerland;680
Husum;Siedlung;Nienburg (Weser);1.070
Hüttenbusch;Siedlung;Osterholz;1.430
Hützel;Siedlung;Heidekreis;790
Huxfeld;Siedlung;Osterholz;540
Icker;Siedlung;Osnabrück;630
Idensen;Siedlung;Region Hannover;800
Ihlienworth;Siedlung;Cuxhaven;860
Ihlpohl - Platjenwerbe;Siedlung;Osterholz;4.620
Ihme-Roloven;Siedlung;Region Hannover;900
Ildehausen;Siedlung;Goslar;700
Ilten;Siedlung;Region Hannover;3.930
Immenrode;Siedlung;Goslar;1.590
Immensen;Siedlung;Region Hannover;2.240
Imsum;Siedlung;Cuxhaven;820
Insel;Siedlung;Heidekreis;530
Isenbüttel;Siedlung;Gifhorn;5.120
Isernhagen;Siedlung;Region Hannover;8.860
Itterbeck;Siedlung;Grafschaft Bentheim;780
Jaderberg;Siedlung;Wesermarsch;2.960
Jeddeloh I;Siedlung;Ammerland;720
Jeddeloh II;Siedlung;Ammerland;980
Jeddingen;Siedlung;Rotenburg (Wümme);990
Jeersdorf;Siedlung;Rotenburg (Wümme);1.380
Jeggen-West;Siedlung;Osnabrück;530
Jeinsen;Siedlung;Region Hannover;1.220
Jelmstorf;Siedlung;Uelzen;570
Jembke;Siedlung;Gifhorn;1.840
Jemgum;Siedlung;Leer;1.530
Jerstedt;Siedlung;Goslar;2.030
Jerxheim;Siedlung;Helmstedt;860
Jesteburg;Siedlung;Harburg;6.470
Jever;Siedlung;Friesland;11.900
Jeversen;Siedlung;Celle;530
Jork;Siedlung;Stade;9.070
Jühnde;Siedlung;Göttingen;740
Juist;Siedlung;Aurich;1.280
Kaierde;Siedlung;Holzminden;840
Kakenstorf;Siedlung;Harburg;920
Kalbe;Siedlung;Rotenburg (Wümme);540
Kalefeld;Siedlung;Northeim;1.560
Kampe;Siedlung;Cloppenburg;530
Kanzlerfeld;Siedlung;Braunschweig;3.980
Kardinal-Graf-von-Galen-Siedlung;Siedlung;Vechta;540
Katensen;Siedlung;Region Hannover;690
Kathrinhagen;Siedlung;Schaumburg;590
Katlenburg;Siedlung;Northeim;1.800
Kayhauserfeld;Siedlung;Ammerland;1.200
Kettenkamp;Siedlung;Osnabrück;1.400
Kiebitzsegen;Siedlung;Osterholz;1.240
Kirchberg;Siedlung;Goslar;540
Kirchboitzen;Siedlung;Heidekreis;590
Kirchbrak;Siedlung;Holzminden;890
Kirchdorf;Siedlung;Diepholz;1.440
Kirchdorferfeld;Siedlung;Aurich;960
Kirchgellersen;Siedlung;Lüneburg;2.220
Kirchhatten;Siedlung;Oldenburg;1.950
Kirchhorst;Siedlung;Region Hannover;2.160
Kirchlinteln;Siedlung;Verden;2.350
Kirchohsen - Emmern;Siedlung;Hameln-Pyrmont;4.400
Kirchseelte;Siedlung;Oldenburg;590
Kirchtimke;Siedlung;Rotenburg (Wümme);660
Kirchwalsede;Siedlung;Rotenburg (Wümme);910
Kirchwehren;Siedlung;Region Hannover;520
Kissenbrück;Siedlung;Wolfenbüttel;1.730
Klausheide;Siedlung;Grafschaft Bentheim;1.220
Klecken;Siedlung;Harburg;1.200
Klein Berßen;Siedlung;Emsland;1.080
Kleinburgwedel;Siedlung;Region Hannover;1.940
Kleinensiel;Siedlung;Wesermarsch;570
Klein Escherde;Siedlung;Hildesheim;500
Klein Förste;Siedlung;Hildesheim;800
Klein Fredenbeck;Siedlung;Stade;2.060
Klein Heidorn;Siedlung;Region Hannover;1.260
Klein Ilsede;Siedlung;Peine;1.880
Klein Lafferde;Siedlung;Peine;1.220
Klein Lengden;Siedlung;Göttingen;1.220
Klein Meckelsen;Siedlung;Rotenburg (Wümme);720
Kleinringe;Siedlung;Grafschaft Bentheim;780
Klein Scharrel;Siedlung;Ammerland;4.840
Klein Schneen;Siedlung;Göttingen;510
Klein Schöppenstedt;Siedlung;Wolfenbüttel;650
Klein Schwülper;Siedlung;Gifhorn;1.140
Kloster Oesede;Siedlung;Osnabrück;3.720
Kluse;Siedlung;Emsland;950
Knesebeck;Siedlung;Gifhorn;2.560
Köhlen;Siedlung;Cuxhaven;580
Koldingen;Siedlung;Region Hannover;620
Kolenfeld;Siedlung;Region Hannover;2.840
Königslutter am Elm;Siedlung;Helmstedt;8.420
Köthenwald;Siedlung;Region Hannover;620
Kranenpohl;Siedlung;Osnabrück;520
Krankenhagen;Siedlung;Schaumburg;1.470
Krebeck;Siedlung;Göttingen;720
Kreiensen;Siedlung;Northeim;2.590
Krelingen;Siedlung;Heidekreis;680
Kreuzriehe;Siedlung;Schaumburg;510
Kroge;Siedlung;Vechta;660
Kuhlen;Siedlung;Diepholz;520
Kührstedt;Siedlung;Cuxhaven;570
Kuhstedt;Siedlung;Rotenburg (Wümme);540
Kutenholz;Siedlung;Stade;1.980
Laar;Siedlung;Grafschaft Bentheim;650
Laatzen;Siedlung;Region Hannover;35.300
Lachendorf;Siedlung;Celle;5.110
Ladekop;Siedlung;Stade;1.240
Lage;Siedlung;Grafschaft Bentheim;730
Lagesbüttel;Siedlung;Gifhorn;1.350
Lähden;Siedlung;Emsland;1.190
Lahn;Siedlung;Emsland;740
Lamme;Siedlung;Braunschweig;3.770
Lamspringe;Siedlung;Hildesheim;2.910
Lamstedt;Siedlung;Cuxhaven;2.290
Landesbergen;Siedlung;Nienburg (Weser);2.080
Landolfshausen;Siedlung;Göttingen;600
Landringhausen;Siedlung;Region Hannover;860
Landwehrhagen;Siedlung;Göttingen;2.160
Lange Heide;Siedlung;Osterholz;1.500
Langelsheim;Siedlung;Goslar;5.250
Langen;Siedlung;Cuxhaven;12.300
Langen;Siedlung;Emsland;760
Langenberg;Siedlung;Vechta;1.290
Langendamm;Siedlung;Nienburg (Weser);2.320
Langenfelde;Siedlung;Cuxhaven;540
Langenhagen;Siedlung;Region Hannover;49.600
Langenhagen;Siedlung;Göttingen;540
Langeoog;Siedlung;Wittmund;1.730
Langförden - Spreda;Siedlung;Vechta;2.470
Langlingen;Siedlung;Celle;1.320
Langreder;Siedlung;Region Hannover;890
Langwedel;Siedlung;Verden;5.220
Lappenstuhl;Siedlung;Osnabrück;960
Laßrönne;Siedlung;Harburg;600
Lastrup;Siedlung;Cloppenburg;3.310
Lathen;Siedlung;Emsland;5.330
Lattensberg;Siedlung;Emsland;1.010
Lauenau;Siedlung;Schaumburg;3.390
Lauenberg;Siedlung;Northeim;880
Lauenbrück;Siedlung;Rotenburg (Wümme);2.050
Lauenförde;Siedlung;Holzminden;2.080
Lauenhagen;Siedlung;Schaumburg;1.360
Lauenstein;Siedlung;Hameln-Pyrmont;1.790
Lauingen;Siedlung;Helmstedt;810
Lautenthal;Siedlung;Goslar;1.440
Lechstedt;Siedlung;Hildesheim;660
Leerhafe;Siedlung;Wittmund;1.090
Leer (Ostfriesland);Siedlung;Leer;31.100
Leese;Siedlung;Nienburg (Weser);1.540
Leeseringen;Siedlung;Nienburg (Weser);570
Leezdorf;Siedlung;Aurich;680
Lehe;Siedlung;Emsland;850
Lehmden;Siedlung;Ammerland;1.700
Lehre;Siedlung;Helmstedt;3.980
Lehrte;Siedlung;Region Hannover;21.900
Lehrte;Siedlung;Emsland;500
Leiferde;Siedlung;Gifhorn;1.920
Leinde;Siedlung;Wolfenbüttel;740
Lelm;Siedlung;Helmstedt;680
Lembruch;Siedlung;Diepholz;630
Lemförde;Siedlung;Diepholz;2.950
Lemmie;Siedlung;Region Hannover;650
Lemwerder;Siedlung;Wesermarsch;5.640
Lengde;Siedlung;Goslar;650
Lengede;Siedlung;Peine;4.940
Lengerich;Siedlung;Emsland;1.780
Lenglern;Siedlung;Göttingen;2.150
Lenne;Siedlung;Holzminden;530
Lenthe;Siedlung;Region Hannover;710
Lerbach;Siedlung;Göttingen;900
Lesse;Siedlung;Salzgitter;1.120
Lesumstotel - Werschenrege;Siedlung;Osterholz;900
Leuchtenburg;Siedlung;Osterholz;1.820
Leveste;Siedlung;Region Hannover;1.540
Liebenau;Siedlung;Nienburg (Weser);3.320
Liebenburg;Siedlung;Goslar;2.080
Lilienthal;Siedlung;Osterholz;10.100
Limmer;Siedlung;Hildesheim;720
Lindau;Siedlung;Northeim;1.730
Lindern (Oldenburg);Siedlung;Cloppenburg;2.300
Linderte;Siedlung;Region Hannover;500
Lindhorst;Siedlung;Schaumburg;3.980
Lindhorst;Siedlung;Harburg;510
Lingen (Ems);Siedlung;Emsland;34.100
Linsburg;Siedlung;Nienburg (Weser);740
Lintig;Siedlung;Cuxhaven;640
Lintorf;Siedlung;Osnabrück;1.800
Lippoldshausen;Siedlung;Göttingen;610
Lobmachtersen;Siedlung;Salzgitter;840
Loccum;Siedlung;Nienburg (Weser);2.860
Lochtum;Siedlung;Goslar;620
Lödingsen;Siedlung;Göttingen;600
Lohne (Oldenburg);Siedlung;Vechta;20.800
Lohne - Südlohne;Siedlung;Grafschaft Bentheim;5.640
Löningen;Siedlung;Cloppenburg;6.030
Loppersum;Siedlung;Aurich;1.290
Loquard;Siedlung;Aurich;560
Lorup;Siedlung;Emsland;3.000
Loxstedt;Siedlung;Cuxhaven;4.820
Loy;Siedlung;Ammerland;890
Lübberstedt;Siedlung;Osterholz;530
Lüchow (Wendland);Siedlung;Lüchow-Dannenberg;6.510
Lüder;Siedlung;Uelzen;630
Lüdersen;Siedlung;Region Hannover;970
Lüdersfeld;Siedlung;Schaumburg;750
Lüdingworth;Siedlung;Cuxhaven;1.070
Luhden;Siedlung;Schaumburg;1.000
Lühe - Wisch;Siedlung;Stade;560
Lühnde;Siedlung;Hildesheim;1.370
Lüneburg;Siedlung;Lüneburg;66.700
Lüninghausen;Siedlung;Osterholz;850
Lünne;Siedlung;Emsland;900
Lüsche;Siedlung;Vechta;600
Lütetsburg;Siedlung;Aurich;640
Lüthorst;Siedlung;Northeim;630
Lutten;Siedlung;Vechta;2.370
Lutter;Siedlung;Goslar;1.640
Lutterberg;Siedlung;Göttingen;800
Luttum;Siedlung;Verden;1.130
Mahlerten;Siedlung;Hildesheim;620
Mandelsloh;Siedlung;Region Hannover;1.440
Mardorf;Siedlung;Region Hannover;1.660
Marienau;Siedlung;Hameln-Pyrmont;660
Mariendrebber - Jakobidrebber;Siedlung;Diepholz;1.410
Marienhafe;Siedlung;Aurich;2.160
Marienhagen;Siedlung;Hildesheim;780
Mariensee;Siedlung;Region Hannover;1.050
Mariental-Horst;Siedlung;Helmstedt;770
Marienwerder;Siedlung;Region Hannover;1.700
Markhausen;Siedlung;Cloppenburg;1.270
Marklohe;Siedlung;Nienburg (Weser);4.080
Markoldendorf;Siedlung;Northeim;2.020
Marschacht;Siedlung;Harburg;2.880
Martfeld;Siedlung;Diepholz;1.580
Marx;Siedlung;Wittmund;590
Marxen;Siedlung;Harburg;1.290
Maschen;Siedlung;Harburg;9.970
Mechtersen;Siedlung;Lüneburg;650
Meckelfeld;Siedlung;Harburg;8.810
Medingen;Siedlung;Uelzen;1.100
Meerbeck;Siedlung;Schaumburg;1.660
Meerdorf;Siedlung;Peine;1.100
Mehle;Siedlung;Hildesheim;1.050
Mehrum;Siedlung;Peine;1.020
Meine;Siedlung;Gifhorn;3.890
Meinefeld;Siedlung;Schaumburg;660
Meinersen;Siedlung;Gifhorn;3.910
Meinsen;Siedlung;Schaumburg;1.230
Meißendorf;Siedlung;Celle;1.040
Meitze;Siedlung;Region Hannover;650
Melbeck;Siedlung;Lüneburg;2.480
Melbeck-Bahnhof;Siedlung;Lüneburg;570
Melchiorshausen;Siedlung;Diepholz;700
Melle;Siedlung;Osnabrück;14.400
Mellendorf;Siedlung;Region Hannover;6.130
Mengershausen;Siedlung;Göttingen;1.100
Menslage;Siedlung;Osnabrück;800
Meppen;Siedlung;Emsland;23.700
Merzen;Siedlung;Osnabrück;2.230
Mesmerode;Siedlung;Region Hannover;650
Messingen;Siedlung;Emsland;570
Metjensande;Siedlung;Osterholz;820
Meyenburg;Siedlung;Osterholz;1.080
Meyenfeld;Siedlung;Region Hannover;2.120
Middels-Westerloog;Siedlung;Aurich;550
Midlum;Siedlung;Cuxhaven;1.390
Mingerode;Siedlung;Göttingen;1.370
Mittelnkirchen;Siedlung;Stade;940
Mittelsten Thüle;Siedlung;Cloppenburg;560
Moisburg;Siedlung;Harburg;1.650
Molbergen;Siedlung;Cloppenburg;4.580
Möllenbeck;Siedlung;Schaumburg;1.230
Molzen;Siedlung;Uelzen;900
Moorburg;Siedlung;Lüneburg;1.980
Moordorf;Siedlung;Region Hannover;2.320
Mooringen;Siedlung;Osterholz;540
Moormerland;Siedlung;Leer;16.100
Moorwarfen;Siedlung;Friesland;810
Moringen;Siedlung;Northeim;4.270
Morsum;Siedlung;Verden;1.200
Müden (Aller);Siedlung;Gifhorn;3.400
Müden (Örtze);Siedlung;Celle;1.910
Mühlen;Siedlung;Vechta;1.790
Müllingen - Wirringen;Siedlung;Region Hannover;730
Mulsum;Siedlung;Stade;1.670
Münchehagen;Siedlung;Nienburg (Weser);1.780
Münchehof;Siedlung;Goslar;1.490
Münstedt;Siedlung;Peine;1.000
Munster;Siedlung;Heidekreis;13.400
Myhle;Siedlung;Osterholz;1.030
Naensen;Siedlung;Northeim;640
Nartum;Siedlung;Rotenburg (Wümme);770
Natrup-Hagen;Siedlung;Osnabrück;3.540
Neddenaverbergen;Siedlung;Verden;630
Neermoor;Siedlung;Leer;2.580
Neerstedt;Siedlung;Oldenburg;1.310
Neetze;Siedlung;Lüneburg;2.000
Negenborn;Siedlung;Holzminden;690
Negenborn;Siedlung;Region Hannover;650
Neindorf;Siedlung;Wolfsburg;1.370
Nendorf;Siedlung;Nienburg (Weser);710
Nenndorf;Siedlung;Wittmund;560
Nenndorf;Siedlung;Harburg;2.900
Nesse;Siedlung;Cuxhaven;1.270
Nesse;Siedlung;Aurich;510
Nesselröden;Siedlung;Göttingen;2.020
Nethen;Siedlung;Ammerland;720
Nettelrede;Siedlung;Hameln-Pyrmont;720
Nettlingen;Siedlung;Hildesheim;1.360
Neubokel;Siedlung;Gifhorn;860
Neubörger;Siedlung;Emsland;1.360
Neubruchhausen;Siedlung;Diepholz;1.000
Neubrück;Siedlung;Peine;720
Neu Büddenstedt;Siedlung;Helmstedt;1.420
Neuburlage;Siedlung;Leer;580
Neu Darchau;Siedlung;Lüchow-Dannenberg;960
Neu Eckel;Siedlung;Harburg;500
Neuenbülstedt;Siedlung;Rotenburg (Wümme);500
Neuenbunnen;Siedlung;Cloppenburg;660
Neuenburg;Siedlung;Friesland;2.660
Neuenhaus;Siedlung;Grafschaft Bentheim;5.650
Neuenkirchen;Siedlung;Diepholz;890
Neuenkirchen;Siedlung;Cuxhaven;960
Neuenkirchen;Siedlung;Heidekreis;3.250
Neuenkirchen;Siedlung;Stade;740
Neuenkirchen;Siedlung;Osnabrück;2.760
Neuenkirchen;Siedlung;Osterholz;3.220
Neuenkirchen;Siedlung;Osnabrück;2.310
Neuenkirchen;Siedlung;Vechta;3.350
Neuenwalde;Siedlung;Cuxhaven;1.480
Neuerkerode;Siedlung;Wolfenbüttel;790
Neu Gnadenfeld;Siedlung;Grafschaft Bentheim;660
Neuhaus;Siedlung;Lüneburg;1.420
Neuhaus im Solling;Siedlung;Holzminden;1.180
Neuhaus (Oste);Siedlung;Cuxhaven;1.070
Neuhof;Siedlung;Göttingen;640
Neuhof;Siedlung;Hildesheim;2.330
Neukamperfehn;Siedlung;Leer;1.510
Neukloster - Hedendorf;Siedlung;Stade;3.430
Neukrug;Siedlung;Diepholz;840
Neulandermoor - Hamelwördenermoor;Siedlung;Stade;530
Neulehe;Siedlung;Emsland;550
Neu Sankt Jürgen;Siedlung;Osterholz;850
Neuscharrel;Siedlung;Cloppenburg;660
Neustadt am Rübenberge;Siedlung;Region Hannover;16.700
Neustadtgödens;Siedlung;Friesland;1.250
Neuvrees;Siedlung;Cloppenburg;700
Neuwarmbüchen;Siedlung;Region Hannover;1.620
Neu Wulmstorf;Siedlung;Harburg;14.300
Niederlangen;Siedlung;Emsland;620
Niedernjesa;Siedlung;Göttingen;1.010
Niedernstöcken;Siedlung;Region Hannover;500
Niedernwöhren;Siedlung;Schaumburg;1.600
Nieder-Ochtenhausen;Siedlung;Rotenburg (Wümme);650
Nienburg (Weser);Siedlung;Nienburg (Weser);27.900
Nienhagen;Siedlung;Celle;5.260
Nienstädt;Siedlung;Schaumburg;3.990
Nienstedt;Siedlung;Hameln-Pyrmont;980
Nikolausberg;Siedlung;Göttingen;3.310
Nindorf;Siedlung;Stade;500
Nordassel;Siedlung;Wolfenbüttel;500
Norddeich;Siedlung;Aurich;1.540
Norden;Siedlung;Aurich;21.500
Nordenham;Siedlung;Wesermarsch;16.100
Norderney;Siedlung;Aurich;5.760
Nordgeorgsfehn;Siedlung;Leer;780
Nordholz;Siedlung;Cuxhaven;5.580
Nordhorn;Siedlung;Grafschaft Bentheim;47.500
Nordleda;Siedlung;Cuxhaven;910
Nordsehl;Siedlung;Schaumburg;580
Nordsteimke;Siedlung;Wolfsburg;2.650
Nordstemmen;Siedlung;Hildesheim;4.740
Nordwohlde;Siedlung;Diepholz;780
Nörten-Hardenberg;Siedlung;Northeim;4.800
Northeim;Siedlung;Northeim;20.100
Northen;Siedlung;Region Hannover;780
Nortmoor;Siedlung;Leer;1.490
Nortrup;Siedlung;Osnabrück;980
Nottensdorf;Siedlung;Stade;1.000
Obenstrohe;Siedlung;Friesland;3.940
Oberbillingshausen;Siedlung;Göttingen;670
Oberg;Siedlung;Peine;2.150
Oberhammelwarden;Siedlung;Wesermarsch;650
Oberlangen;Siedlung;Emsland;690
Oberndorf;Siedlung;Cuxhaven;940
Obernfeld;Siedlung;Göttingen;980
Obernjesa;Siedlung;Göttingen;920
Obernkirchen;Siedlung;Schaumburg;7.830
Oberode;Siedlung;Göttingen;720
Oberscheden;Siedlung;Göttingen;1.360
Ocholt - Howiek;Siedlung;Ammerland;2.550
Ochtelbur - Riepe;Siedlung;Aurich;2.930
Ochtmissen;Siedlung;Lüneburg;2.700
Oelber am weißen Wege;Siedlung;Wolfenbüttel;1.350
Oelerse;Siedlung;Peine;550
Oelstorf;Siedlung;Harburg;500
Oerel;Siedlung;Rotenburg (Wümme);840
Oerzen;Siedlung;Lüneburg;570
Oesselse;Siedlung;Region Hannover;3.470
Ofen;Siedlung;Ammerland;3.380
Offen;Siedlung;Celle;780
Offleben;Siedlung;Helmstedt;940
Ohlendorf;Siedlung;Harburg;1.660
Ohof;Siedlung;Gifhorn;950
Ohr;Siedlung;Hameln-Pyrmont;580
Ohrum;Siedlung;Wolfenbüttel;610
Okel;Siedlung;Diepholz;980
Oldau;Siedlung;Celle;1.270
Oldenburg (Oldenburg);Siedlung;Oldenburg Stadt;156.200
Oldendorf;Siedlung;Stade;2.550
Oldendorf;Siedlung;Celle;580
Oldendorf;Siedlung;Osnabrück;880
Oldenrode - Düderode;Siedlung;Northeim;1.010
Oldershausen;Siedlung;Harburg;690
Oldersum;Siedlung;Leer;1.620
Opperhausen;Siedlung;Northeim;710
Oppershausen;Siedlung;Celle;890
Osloß;Siedlung;Gifhorn;1.900
Osnabrück;Siedlung;Osnabrück Stadt;145.800
Osteel;Siedlung;Aurich;1.810
Osten;Siedlung;Cuxhaven;900
Osterberg;Siedlung;Harburg;770
Osterbrock;Siedlung;Emsland;990
Ostercappeln;Siedlung;Osnabrück;2.960
Ostereistedt;Siedlung;Rotenburg (Wümme);510
Osterfeld;Siedlung;Aurich;520
Osterforde;Siedlung;Friesland;550
Osterhagen;Siedlung;Göttingen;710
Osterholz-Scharmbeck;Siedlung;Osterholz;19.700
Osterode am Harz;Siedlung;Göttingen;16.400
Ostersander;Siedlung;Aurich;580
Ostervesede;Siedlung;Rotenburg (Wümme);570
Osterwald;Siedlung;Region Hannover;7.370
Osterwald;Siedlung;Hameln-Pyrmont;1.550
Osterwanna;Siedlung;Cuxhaven;950
Ostrhauderfehn;Siedlung;Leer;9.440
Othfresen;Siedlung;Goslar;1.480
Ottbergen;Siedlung;Hildesheim;1.180
Ottensen;Siedlung;Stade;1.080
Ottenstein;Siedlung;Holzminden;840
Otter;Siedlung;Harburg;1.000
Otterndorf;Siedlung;Cuxhaven;6.400
Otternhagen;Siedlung;Region Hannover;1.560
Ottersberg;Siedlung;Verden;3.210
Otterstedt;Siedlung;Verden;1.570
Otze;Siedlung;Region Hannover;1.620
Ovelgönne;Siedlung;Wesermarsch;980
Ovelgönne;Siedlung;Celle;3.040
Oxstedt;Siedlung;Cuxhaven;710
Oyten;Siedlung;Verden;10.900
Papenburg;Siedlung;Emsland;27.600
Papenhorst;Siedlung;Celle;600
Parensen;Siedlung;Northeim;680
Parsau;Siedlung;Gifhorn;1.730
Pattensen;Siedlung;Region Hannover;7.610
Pattensen;Siedlung;Harburg;1.780
Peheim;Siedlung;Cloppenburg;760
Peine;Siedlung;Peine;31.100
Pennigsehl;Siedlung;Nienburg (Weser);520
Petersdorf;Siedlung;Cloppenburg;960
Petersfehn;Siedlung;Ammerland;3.860
Pewsum - Woquard;Siedlung;Aurich;3.540
Phiesewarden;Siedlung;Wesermarsch;910
Plaggenburg;Siedlung;Aurich;770
Plockhorst;Siedlung;Peine;750
Poggenhagen;Siedlung;Region Hannover;660
Pöhlde;Siedlung;Göttingen;1.940
Pohle;Siedlung;Schaumburg;840
Polle;Siedlung;Holzminden;1.160
Pollhagen;Siedlung;Schaumburg;1.160
Pye;Siedlung;Osnabrück Stadt;2.830
Quakenbrück;Siedlung;Osnabrück;11.500
Quarrendorf;Siedlung;Harburg;550
Querenhorst;Siedlung;Helmstedt;530
Rabber;Siedlung;Osnabrück;840
Räbke;Siedlung;Helmstedt;560
Radbruch;Siedlung;Lüneburg;1.830
Radenbeck;Siedlung;Gifhorn;560
Rähden;Siedlung;Schaumburg;880
Ramelsloh;Siedlung;Harburg;1.460
Rastdorf;Siedlung;Emsland;610
Rastede;Siedlung;Ammerland;10.200
Rautenberg;Siedlung;Hildesheim;510
Rechterfeld;Siedlung;Vechta;840
Rechtsupweg;Siedlung;Aurich;1.990
Reepsholt;Siedlung;Wittmund;560
Reeßum;Siedlung;Rotenburg (Wümme);760
Regesbostel;Siedlung;Harburg;670
Rehburg;Siedlung;Nienburg (Weser);3.420
Rehden;Siedlung;Diepholz;1.320
Reher;Siedlung;Hameln-Pyrmont;620
Rehren;Siedlung;Schaumburg;1.280
Rehren;Siedlung;Schaumburg;720
Rehteich;Siedlung;Osnabrück;1.000
Reiffenhausen;Siedlung;Göttingen;620
Reinhausen;Siedlung;Göttingen;1.390
Remels;Siedlung;Leer;3.410
Remlingen;Siedlung;Wolfenbüttel;1.290
Remsede;Siedlung;Osnabrück;840
Reppenstedt;Siedlung;Lüneburg;7.000
Reppner;Siedlung;Salzgitter;550
Resse;Siedlung;Region Hannover;1.940
Rethem (Aller);Siedlung;Heidekreis;1.690
Rethen;Siedlung;Gifhorn;1.140
Rethmar;Siedlung;Region Hannover;1.680
Rethorn;Siedlung;Oldenburg;530
Reyershausen;Siedlung;Göttingen;870
Rhade;Siedlung;Rotenburg (Wümme);700
Rhauderfehn;Siedlung;Leer;11.100
Rhede (Ems);Siedlung;Emsland;1.760
Rheden;Siedlung;Hildesheim;600
Rhumspringe;Siedlung;Göttingen;1.750
Ribbesbüttel;Siedlung;Gifhorn;760
Riede;Siedlung;Verden;1.870
Riehe;Siedlung;Schaumburg;520
Riemsloh;Siedlung;Osnabrück;1.890
Riepen;Siedlung;Schaumburg;600
Riepen;Siedlung;Wittmund;550
Rieste;Siedlung;Osnabrück;1.840
Ringelheim;Siedlung;Salzgitter;1.830
Ringstedt;Siedlung;Cuxhaven;720
Rinteln;Siedlung;Schaumburg;12.700
Ristedt;Siedlung;Diepholz;740
Ritterhude;Siedlung;Osterholz;8.250
Rittmarshausen;Siedlung;Göttingen;720
Röcke - Petzen - Evesen;Siedlung;Schaumburg;3.380
Rodenberg;Siedlung;Schaumburg;6.310
Rodenkirchen;Siedlung;Wesermarsch;3.460
Rodewald;Siedlung;Nienburg (Weser);2.470
Roffhausen - Middelsfähr;Siedlung;Friesland;2.100
Rohrsen;Siedlung;Nienburg (Weser);1.030
Rolfshagen;Siedlung;Schaumburg;1.220
Rollshausen;Siedlung;Göttingen;640
Römstedt;Siedlung;Uelzen;550
Ronnenberg;Siedlung;Region Hannover;6.570
Roringen;Siedlung;Göttingen;880
Rosche;Siedlung;Uelzen;1.210
Rosdorf;Siedlung;Göttingen;6.370
Rosengarten;Siedlung;Harburg;880
Rosenthal;Siedlung;Peine;1.020
Rössing;Siedlung;Hildesheim;1.670
Rostrup;Siedlung;Ammerland;2.730
Rotenburg (Wümme);Siedlung;Rotenburg (Wümme);18.000
Rötgesbüttel;Siedlung;Gifhorn;2.210
Rottorf;Siedlung;Helmstedt;560
Rottorf;Siedlung;Harburg;1.100
Rübke;Siedlung;Harburg;500
Rüdershausen;Siedlung;Göttingen;890
Rühen;Siedlung;Gifhorn;2.980
Rühle;Siedlung;Holzminden;530
Rühle;Siedlung;Emsland;1.180
Rühlerfeld;Siedlung;Emsland;870
Rühlertwist;Siedlung;Emsland;2.250
Rulle;Siedlung;Osnabrück;4.060
Rullstorf;Siedlung;Lüneburg;1.040
Rumbeck;Siedlung;Hameln-Pyrmont;630
Rüschendorf;Siedlung;Vechta;1.000
Ruschwedel;Siedlung;Stade;510
Rütenbrock;Siedlung;Emsland;1.600
Rysum;Siedlung;Aurich;620
Sachsenhagen;Siedlung;Schaumburg;1.780
Sahlenburg;Siedlung;Cuxhaven;2.890
Salzbergen;Siedlung;Emsland;5.480
Salzdahlum;Siedlung;Wolfenbüttel;1.560
Salzderhelden;Siedlung;Northeim;1.770
Salzgitter;Siedlung;Salzgitter;46.100
Salzgitter-Bad;Siedlung;Salzgitter;20.600
Salzhausen;Siedlung;Harburg;2.660
Salzhemmendorf;Siedlung;Hameln-Pyrmont;2.090
Sandbrinkerheide;Siedlung;Emsland;2.180
Sande;Siedlung;Friesland;5.380
Sandhatten;Siedlung;Oldenburg;870
Sandkrug;Siedlung;Oldenburg;7.270
Sandstedt;Siedlung;Cuxhaven;660
Sankt Andreasberg;Siedlung;Goslar;1.620
Sankt Annen;Siedlung;Osnabrück;750
Sarstedt;Siedlung;Hildesheim;14.300
Sassenburg;Siedlung;Gifhorn;4.560
Sauensiek;Siedlung;Stade;990
Schandelah;Siedlung;Wolfenbüttel;2.210
Schapen;Siedlung;Emsland;1.660
Schapen;Siedlung;Braunschweig;1.590
Scharmbeck;Siedlung;Harburg;1.150
Scharmbeckstotel - Settenbeck;Siedlung;Osterholz;2.610
Scharnebeck;Siedlung;Lüneburg;3.010
Scharrel;Siedlung;Region Hannover;600
Scharzfeld;Siedlung;Göttingen;1.650
Scheeßel;Siedlung;Rotenburg (Wümme);6.580
Schellerten;Siedlung;Hildesheim;1.400
Schepsdorf;Siedlung;Emsland;1.690
Scherenbostel;Siedlung;Region Hannover;670
Schessinghausen;Siedlung;Nienburg (Weser);570
Scheuen;Siedlung;Celle;950
Schierhorn;Siedlung;Harburg;500
Schiffdorf;Siedlung;Cuxhaven;3.000
Schillerslage;Siedlung;Region Hannover;800
Schirum;Siedlung;Aurich;510
Schladen;Siedlung;Wolfenbüttel;4.090
Schledehausen;Siedlung;Osnabrück;2.720
Schlewecke;Siedlung;Hildesheim;510
Schliekum;Siedlung;Hildesheim;670
Schloß Ricklingen;Siedlung;Region Hannover;2.290
Schmedenstedt;Siedlung;Peine;980
Schneeren;Siedlung;Region Hannover;1.320
Schneverdingen;Siedlung;Heidekreis;13.000
Schönewörde;Siedlung;Gifhorn;820
Schönhagen;Siedlung;Northeim;1.000
Schöningen;Siedlung;Helmstedt;9.360
Schoningen;Siedlung;Northeim;920
Schöninghsdorf;Siedlung;Emsland;1.060
Schöppenstedt;Siedlung;Wolfenbüttel;4.350
Schortens;Siedlung;Friesland;12.800
Schulenburg (Leine);Siedlung;Region Hannover;2.160
Schüttorf;Siedlung;Grafschaft Bentheim;12.300
Schwaförden;Siedlung;Diepholz;1.190
Schwagstorf;Siedlung;Osnabrück;690
Schwagstorf;Siedlung;Osnabrück;930
Schwanewede;Siedlung;Osterholz;7.660
Schwarme;Siedlung;Diepholz;1.660
Schwarmstedt;Siedlung;Heidekreis;5.000
Schwarze Heide;Siedlung;Region Hannover;1.430
Schwege;Siedlung;Osnabrück;630
Schwei;Siedlung;Wesermarsch;590
Schweindorf;Siedlung;Wittmund;580
Schweringen;Siedlung;Nienburg (Weser);650
Schwicheldt;Siedlung;Peine;1.240
Schwiegershausen;Siedlung;Göttingen;1.590
Schwinge;Siedlung;Stade;760
Schwüblingsen;Siedlung;Region Hannover;560
Sebbenhausen;Siedlung;Nienburg (Weser);610
Sebexen;Siedlung;Northeim;1.000
Seckenhausen;Siedlung;Diepholz;2.380
Sedelsberg - Neuwall - Scharrel (Seedelsbierich - Schäddel);Siedlung;Cloppenburg;4.500
Seebergen;Siedlung;Osterholz;680
Seeburg;Siedlung;Göttingen;1.020
Seefeld;Siedlung;Wesermarsch;800
Seelze;Siedlung;Region Hannover;21.500
Seershausen;Siedlung;Gifhorn;1.260
Seesen;Siedlung;Goslar;10.900
Sehlde;Siedlung;Wolfenbüttel;930
Sehlem;Siedlung;Hildesheim;740
Sehnde;Siedlung;Region Hannover;8.320
Sellstedt;Siedlung;Cuxhaven;1.690
Selsingen;Siedlung;Rotenburg (Wümme);2.990
Sengwarden;Siedlung;Wilhelmshaven;930
Sentrup;Siedlung;Osnabrück;610
Settmarshausen;Siedlung;Göttingen;780
Seulingen;Siedlung;Göttingen;1.360
Sevelten;Siedlung;Cloppenburg;1.320
Sibbesse;Siedlung;Hildesheim;1.740
Sickte;Siedlung;Wolfenbüttel;3.280
Sieboldshausen;Siedlung;Göttingen;830
Siedenburg;Siedlung;Diepholz;980
Siedlung Heimbuch;Siedlung;Harburg;510
Siedlung Hipstedt;Siedlung;Rotenburg (Wümme);630
Siedlung Ranzenbüttel;Siedlung;Wesermarsch;700
Sierße;Siedlung;Peine;850
Sievern;Siedlung;Cuxhaven;1.320
Sievershausen;Siedlung;Northeim;1.210
Sievershausen;Siedlung;Region Hannover;2.290
Silberborn;Siedlung;Holzminden;680
Sillenstede;Siedlung;Friesland;1.930
Sillium;Siedlung;Hildesheim;650
Simonswolde - Ihlowerfehn - Ludwigsdorf;Siedlung;Aurich;3.590
Sittensen;Siedlung;Rotenburg (Wümme);5.480
Soderstorf;Siedlung;Lüneburg;690
Sögel;Siedlung;Emsland;6.160
Söhlde;Siedlung;Hildesheim;2.370
Sohlingen;Siedlung;Northeim;600
Söhre;Siedlung;Hildesheim;1.380
Söllingen;Siedlung;Helmstedt;660
Soltau;Siedlung;Heidekreis;16.300
Soltendieck;Siedlung;Uelzen;500
Sonnenberg;Siedlung;Peine;660
Sorsum;Siedlung;Hildesheim;2.660
Soßmar;Siedlung;Peine;760
Sottorf;Siedlung;Harburg;630
Sottrum;Siedlung;Rotenburg (Wümme);4.470
Sottrum;Siedlung;Hildesheim;870
Spaden;Siedlung;Cuxhaven;4.310
Spahnharrenstätte;Siedlung;Emsland;1.130
Speele;Siedlung;Göttingen;630
Spelle;Siedlung;Emsland;7.210
Spiekeroog;Siedlung;Wittmund;610
Spiekershausen;Siedlung;Göttingen;550
Springe;Siedlung;Region Hannover;12.000
Sprötze;Siedlung;Harburg;1.730
Stade;Siedlung;Stade;36.800
Stadensen;Siedlung;Uelzen;550
Stadthagen;Siedlung;Schaumburg;17.100
Stadtoldendorf;Siedlung;Holzminden;5.640
Stallbrüggerfeld - Lammertsfehn;Siedlung;Leer;610
Stapelmoorerheide - Stapelmoor;Siedlung;Leer;1.900
Stederdorf;Siedlung;Peine;5.370
Steimbke;Siedlung;Nienburg (Weser);1.500
Steina;Siedlung;Göttingen;720
Steinbeck (Luhe);Siedlung;Heidekreis;530
Steinbergen;Siedlung;Schaumburg;1.710
Steinfeld (Oldenburg);Siedlung;Vechta;5.970
Steinhausen;Siedlung;Friesland;920
Steinhorst;Siedlung;Gifhorn;970
Steinhude - Großenheidorn;Siedlung;Region Hannover;7.800
Steinkirchen;Siedlung;Stade;1.470
Steinlah;Siedlung;Wolfenbüttel;550
Steinwedel;Siedlung;Region Hannover;1.700
Stelle;Siedlung;Harburg;6.460
Stelle;Siedlung;Region Hannover;960
Stelle;Siedlung;Diepholz;590
Stellichte;Siedlung;Heidekreis;590
Stemmen;Siedlung;Rotenburg (Wümme);730
Stemmen;Siedlung;Region Hannover;620
Stemmen - Levesen;Siedlung;Schaumburg;1.070
Stemshorn;Siedlung;Diepholz;580
Steyerberg;Siedlung;Nienburg (Weser);2.720
Stinstedt;Siedlung;Cuxhaven;770
Stöckse;Siedlung;Nienburg (Weser);780
Stockumer Mark;Siedlung;Osnabrück;1.370
Stollhamm;Siedlung;Wesermarsch;900
Stolzenau;Siedlung;Nienburg (Weser);4.770
Stotel;Siedlung;Cuxhaven;2.310
Strackholt;Siedlung;Aurich;720
Strücken;Siedlung;Schaumburg;570
Strückhausermoor - Mittelort;Siedlung;Wesermarsch;1.030
Strücklingen (Strukelje);Siedlung;Cloppenburg;1.660
Stubben;Siedlung;Cuxhaven;1.380
Stuckenborstel;Siedlung;Rotenburg (Wümme);870
Stüde;Siedlung;Gifhorn;760
Stuhr;Siedlung;Diepholz;6.990
Südbrookmerland;Siedlung;Aurich;16.200
Suderburg;Siedlung;Uelzen;2.670
Südergellersen;Siedlung;Lüneburg;1.210
Süderschweiburg;Siedlung;Wesermarsch;540
Sudershausen;Siedlung;Northeim;500
Sudheim;Siedlung;Northeim;1.500
Südhorsten;Siedlung;Schaumburg;520
Suhlendorf;Siedlung;Uelzen;1.400
Sulingen;Siedlung;Diepholz;9.700
Sülze;Siedlung;Celle;1.110
Süpplingen;Siedlung;Helmstedt;1.670
Süpplingenburg;Siedlung;Helmstedt;650
Suttorf;Siedlung;Region Hannover;1.030
Suurhusen;Siedlung;Aurich;960
Syke;Siedlung;Diepholz;10.600
Tangendorf;Siedlung;Harburg;750
Tankumsee;Siedlung;Gifhorn;780
Tannenhausen;Siedlung;Aurich;2.560
Tappenbeck;Siedlung;Gifhorn;1.360
Tarmstedt;Siedlung;Rotenburg (Wümme);3.560
Tespe;Siedlung;Harburg;2.650
Tewel;Siedlung;Heidekreis;520
Thal;Siedlung;Hameln-Pyrmont;510
Thedinghausen;Siedlung;Verden;3.810
Thiede;Siedlung;Salzgitter;10.200
Thönse;Siedlung;Region Hannover;1.530
Thören;Siedlung;Celle;680
Thuine;Siedlung;Emsland;1.490
Thüste;Siedlung;Hameln-Pyrmont;510
Tiddische;Siedlung;Gifhorn;720
Timmel;Siedlung;Aurich;780
Timmerlah;Siedlung;Braunschweig;2.290
Tinnen;Siedlung;Emsland;760
Tiste;Siedlung;Rotenburg (Wümme);700
Tönnhausen;Siedlung;Harburg;620
Toppenstedt;Siedlung;Harburg;1.350
Tossens;Siedlung;Wesermarsch;670
Tostedt;Siedlung;Harburg;12.500
Tötensen - Siedlung Westerhof;Siedlung;Harburg;1.270
Trelde;Siedlung;Harburg;840
Trupermoor - Frankenburg - Oberende;Siedlung;Osterholz;4.180
Tülau;Siedlung;Gifhorn;1.070
Tündern;Siedlung;Hameln-Pyrmont;2.390
Tungeln;Siedlung;Oldenburg;1.220
Twist;Siedlung;Emsland;2.880
Twistringen;Siedlung;Diepholz;8.790
Twixlum;Siedlung;Emden;1.020
Uchtdorf;Siedlung;Schaumburg;600
Uchte;Siedlung;Nienburg (Weser);3.480
Ueffeln;Siedlung;Osnabrück;1.100
Uelsen;Siedlung;Grafschaft Bentheim;4.990
Uelzen;Siedlung;Uelzen;24.700
Uetze;Siedlung;Region Hannover;6.160
Üfingen;Siedlung;Salzgitter;780
Ummeln;Siedlung;Hildesheim;530
Ummern;Siedlung;Gifhorn;1.260
Unterlüß;Siedlung;Celle;3.430
Unterstedt;Siedlung;Rotenburg (Wümme);800
Upgant-Schott;Siedlung;Aurich;3.220
Uphusen;Siedlung;Verden;3.500
Uphusen;Siedlung;Emden;690
Uschlag;Siedlung;Göttingen;1.340
Uslar;Siedlung;Northeim;6.120
Utarp;Siedlung;Wittmund;520
Uthlede;Siedlung;Cuxhaven;940
Vahrendorf;Siedlung;Harburg;810
Vallstedt;Siedlung;Peine;1.340
Varel;Siedlung;Friesland;15.400
Varrel;Siedlung;Diepholz;790
Varrel;Siedlung;Diepholz;4.070
Varrelbusch;Siedlung;Cloppenburg;660
Vechelde;Siedlung;Peine;6.630
Vechta;Siedlung;Vechta;25.000
Vehlen;Siedlung;Schaumburg;960
Vehrte;Siedlung;Osnabrück;2.370
Velber;Siedlung;Region Hannover;1.880
Veldhausen;Siedlung;Grafschaft Bentheim;3.330
Velpke;Siedlung;Helmstedt;3.540
Velstove;Siedlung;Wolfsburg;980
Veltheim (Ohe);Siedlung;Wolfenbüttel;710
Venne;Siedlung;Osnabrück;1.670
Verden (Aller);Siedlung;Verden;22.500
Versen;Siedlung;Emsland;1.090
Vienenburg;Siedlung;Goslar;5.530
Vierhöfen;Siedlung;Harburg;890
Visbek;Siedlung;Vechta;4.750
Visquard;Siedlung;Aurich;670
Visselhövede;Siedlung;Rotenburg (Wümme);5.230
Vogelbeck;Siedlung;Northeim;840
Vögelsen;Siedlung;Lüneburg;1.910
Völkenrode;Siedlung;Braunschweig;1.630
Völkersen;Siedlung;Verden;1.240
Volkersheim;Siedlung;Hildesheim;800
Völksen;Siedlung;Region Hannover;3.200
Vollbüttel;Siedlung;Gifhorn;990
Völlen;Siedlung;Leer;920
Vollersode;Siedlung;Osterholz;1.890
Volpriehausen;Siedlung;Northeim;1.180
Voltlage;Siedlung;Osnabrück;860
Vorberg;Siedlung;Osterholz;760
Vorbexten;Siedlung;Emsland;500
Vörden;Siedlung;Vechta;2.090
Vordorf;Siedlung;Gifhorn;1.500
Vrees;Siedlung;Emsland;1.440
Waake;Siedlung;Göttingen;910
Wachenhausen;Siedlung;Northeim;550
Wachtum;Siedlung;Cloppenburg;680
Waddewarden;Siedlung;Friesland;670
Waffensen;Siedlung;Rotenburg (Wümme);840
Wagenfeld;Siedlung;Diepholz;2.420
Wagenhoff;Siedlung;Gifhorn;1.020
Waggum;Siedlung;Braunschweig;2.960
Wahmbeck;Siedlung;Northeim;620
Wahnbek;Siedlung;Ammerland;3.500
Wahnebergen;Siedlung;Verden;580
Wahrenholz;Siedlung;Gifhorn;2.950
Walchum;Siedlung;Emsland;710
Waldesruh;Siedlung;Harburg;580
Waldhof;Siedlung;Celle;550
Walkenried;Siedlung;Göttingen;2.240
Walle;Siedlung;Gifhorn;1.390
Walle;Siedlung;Celle;590
Walle;Siedlung;Verden;1.510
Walle;Siedlung;Aurich;2.350
Wallenhorst;Siedlung;Osnabrück;11.800
Wallensen;Siedlung;Hameln-Pyrmont;830
Walsen;Siedlung;Diepholz;1.550
Walsrode;Siedlung;Heidekreis;13.900
Wangerooge;Siedlung;Friesland;1.270
Warberg;Siedlung;Helmstedt;840
Wardenburg;Siedlung;Oldenburg;5.490
Warmsen;Siedlung;Nienburg (Weser);720
Warstade - Basbeck;Siedlung;Cuxhaven;6.320
Warzen;Siedlung;Hildesheim;530
Wasbüttel;Siedlung;Gifhorn;1.860
Wassel;Siedlung;Region Hannover;660
Wassermühle;Siedlung;Cuxhaven;690
Watenbüttel;Siedlung;Braunschweig;2.550
Wathlingen;Siedlung;Celle;6.110
Weddel;Siedlung;Wolfenbüttel;3.000
Weddingen;Siedlung;Goslar;640
Wedel;Siedlung;Stade;580
Wedelheine;Siedlung;Gifhorn;1.320
Wedtlenstedt;Siedlung;Peine;1.530
Weener;Siedlung;Leer;12.000
Weetzen;Siedlung;Region Hannover;2.040
Wehdel;Siedlung;Cuxhaven;1.820
Wehden;Siedlung;Cuxhaven;560
Wehm;Siedlung;Emsland;800
Wehmingen - Bolzum;Siedlung;Region Hannover;1.880
Wehrendorf - Masch;Siedlung;Osnabrück;1.440
Welle;Siedlung;Harburg;740
Wellendorf;Siedlung;Osnabrück;1.300
Wellingholzhausen;Siedlung;Osnabrück;3.300
Welsede;Siedlung;Hameln-Pyrmont;530
Wendeburg;Siedlung;Peine;3.990
Wendessen;Siedlung;Wolfenbüttel;870
Wendhausen;Siedlung;Helmstedt;1.480
Wendhausen;Siedlung;Hildesheim;510
Wendisch Evern;Siedlung;Lüneburg;1.570
Wendthagen;Siedlung;Schaumburg;1.390
Wennigsen (Deister);Siedlung;Region Hannover;7.240
Wennigser Mark;Siedlung;Region Hannover;1.110
Wenzen;Siedlung;Northeim;660
Werdum;Siedlung;Wittmund;540
Werlaburgdorf;Siedlung;Wolfenbüttel;770
Werlte;Siedlung;Emsland;7.910
Werpeloh;Siedlung;Emsland;1.000
Wesendorf;Siedlung;Gifhorn;4.010
Westen;Siedlung;Verden;1.110
Westerbeck;Siedlung;Gifhorn;1.880
Westerbeverstedt - Freschluneberg;Siedlung;Cuxhaven;2.490
Westerende Kirchloog;Siedlung;Aurich;1.360
Westergellersen;Siedlung;Lüneburg;1.740
Westerhausen;Siedlung;Osnabrück;2.690
Westerholt;Siedlung;Wittmund;2.030
Westerholz;Siedlung;Rotenburg (Wümme);600
Westermoordorf - Ostermoordorf;Siedlung;Aurich;1.880
Westerstede;Siedlung;Ammerland;11.600
Westervesede;Siedlung;Rotenburg (Wümme);680
Westerwanna;Siedlung;Cuxhaven;700
Westerweyhe;Siedlung;Uelzen;2.590
Westfeld;Siedlung;Hildesheim;600
Westoverledingen;Siedlung;Leer;16.700
Wesuwe;Siedlung;Emsland;2.100
Wetschen;Siedlung;Diepholz;1.240
Wettmar;Siedlung;Region Hannover;3.330
Weyhausen;Siedlung;Gifhorn;2.520
Weyhe;Siedlung;Diepholz;26.600
Wichtringhausen;Siedlung;Region Hannover;500
Widdelswehr;Siedlung;Emden;1.650
Wieda;Siedlung;Göttingen;1.360
Wiedelah;Siedlung;Goslar;1.390
Wiedensahl;Siedlung;Schaumburg;1.040
Wiefelstede;Siedlung;Ammerland;4.720
Wiegersen;Siedlung;Stade;680
Wieke;Siedlung;Aurich;2.020
Wienhausen;Siedlung;Celle;1.710
Wiensen;Siedlung;Northeim;550
Wieren;Siedlung;Uelzen;1.180
Wiershausen;Siedlung;Göttingen;650
Wiesmoor;Siedlung;Aurich;8.570
Wietmarschen;Siedlung;Grafschaft Bentheim;2.970
Wietze;Siedlung;Celle;6.200
Wietzen;Siedlung;Nienburg (Weser);930
Wietzendorf;Siedlung;Heidekreis;3.360
Wildemann;Siedlung;Goslar;960
Wildenloh;Siedlung;Ammerland;750
Wildeshausen;Siedlung;Oldenburg;16.900
Wilhelmshaven;Siedlung;Wilhelmshaven;74.400
Wilkenburg;Siedlung;Region Hannover;900
Willershausen;Siedlung;Northeim;570
Wilsche;Siedlung;Gifhorn;1.670
Wilstedt;Siedlung;Rotenburg (Wümme);1.760
Wilsum;Siedlung;Grafschaft Bentheim;800
Wimmer;Siedlung;Osnabrück;990
Windhausen;Siedlung;Göttingen;1.000
Winnigstedt;Siedlung;Wolfenbüttel;700
Winsen (Aller);Siedlung;Celle;8.320
Winsen (Luhe);Siedlung;Harburg;25.300
Winzenburg;Siedlung;Hildesheim;540
Winzlar;Siedlung;Nienburg (Weser);950
Wippingen;Siedlung;Emsland;660
Wipshausen;Siedlung;Peine;1.510
Wirdum;Siedlung;Aurich;890
Wischhafen;Siedlung;Stade;2.100
Wissingen;Siedlung;Osnabrück;2.040
Wistedt;Siedlung;Harburg;1.400
Wittingen;Siedlung;Gifhorn;4.820
Wittkopsbostel;Siedlung;Rotenburg (Wümme);500
Wittmar;Siedlung;Wolfenbüttel;1.190
Wittmund;Siedlung;Wittmund;9.010
Wittorf;Siedlung;Lüneburg;1.310
Wittorf;Siedlung;Rotenburg (Wümme);880
Wohnpark Gauerbach;Siedlung;Emsland;3.560
Wolbrechtshausen;Siedlung;Northeim;520
Wolfenbüttel;Siedlung;Wolfenbüttel;43.800
Wolfsburg;Siedlung;Wolfsburg;105.400
Wolfshagen im Harz;Siedlung;Goslar;2.360
Wollbrandshausen;Siedlung;Göttingen;640
Wölpinghausen;Siedlung;Schaumburg;700
Wolsdorf;Siedlung;Helmstedt;950
Wolterdingen;Siedlung;Heidekreis;830
Woltersdorf;Siedlung;Lüchow-Dannenberg;700
Wolthausen;Siedlung;Celle;540
Woltorf;Siedlung;Peine;1.910
Woltwiesche;Siedlung;Peine;2.050
Worphausen;Siedlung;Osterholz;760
Worpswede;Siedlung;Osterholz;4.720
Wremen;Siedlung;Cuxhaven;1.740
Wrestedt;Siedlung;Uelzen;2.150
Wriedel;Siedlung;Uelzen;1.310
Wülferode;Siedlung;Region Hannover;880
Wülfingen;Siedlung;Hildesheim;810
Wulfsen;Siedlung;Harburg;1.160
Wulften am Harz;Siedlung;Göttingen;1.930
Wulmstorf;Siedlung;Verden;710
Wunstorf;Siedlung;Region Hannover;24.500
Wüsting (Wraggenort);Siedlung;Oldenburg;1.440
Wustrow (Wendland);Siedlung;Lüchow-Dannenberg;2.010
Wybelsum;Siedlung;Emden;1.360
Wymeer - Boen;Siedlung;Leer;920
Zernien;Siedlung;Lüchow-Dannenberg;680
Zetel;Siedlung;Friesland;7.280
Zeven;Siedlung;Rotenburg (Wümme);11.100
Zorge;Siedlung;Göttingen;1.050